/*
 Navicat MySQL Data Transfer

 Source Server         : localhost_3306
 Source Server Type    : MySQL
 Source Server Version : 50528
 Source Host           : localhost:3306
 Source Schema         : xhunews

 Target Server Type    : MySQL
 Target Server Version : 50528
 File Encoding         : 65001

 Date: 07/07/2021 11:33:18
*/

SET NAMES utf8mb4;
SET FOREIGN_KEY_CHECKS = 0;

-- ----------------------------
-- Table structure for news_category
-- ----------------------------
DROP TABLE IF EXISTS `news_category`;
CREATE TABLE `news_category`  (
  `id` bigint(10) NOT NULL AUTO_INCREMENT,
  `name` varchar(50) CHARACTER SET utf8 COLLATE utf8_unicode_ci NULL DEFAULT NULL,
  `createDate` datetime NULL DEFAULT NULL COMMENT '创建时间',
  PRIMARY KEY (`id`) USING BTREE
) ENGINE = MyISAM AUTO_INCREMENT = 16 CHARACTER SET = utf8 CHECKSUM = 1 COLLATE = utf8_unicode_ci COMMENT = '新闻分类表' DELAY_KEY_WRITE = 1 ROW_FORMAT = DYNAMIC;

-- ----------------------------
-- Records of news_category
-- ----------------------------
INSERT INTO `news_category` VALUES (1, '国内', '2016-09-16 14:41:33');
INSERT INTO `news_category` VALUES (2, '国际', '2016-09-16 14:42:58');
INSERT INTO `news_category` VALUES (3, '娱乐', '2016-09-16 14:42:58');
INSERT INTO `news_category` VALUES (4, '军事', '2016-09-16 14:42:58');
INSERT INTO `news_category` VALUES (5, '财经', '2016-09-16 14:42:58');
INSERT INTO `news_category` VALUES (6, '天气', '2016-09-16 14:42:58');
INSERT INTO `news_category` VALUES (7, '文化', '2021-07-01 14:55:31');
INSERT INTO `news_category` VALUES (9, '体育', '2021-07-06 17:52:12');
INSERT INTO `news_category` VALUES (15, '老九', '2021-07-07 10:58:21');

-- ----------------------------
-- Table structure for news_comment
-- ----------------------------
DROP TABLE IF EXISTS `news_comment`;
CREATE TABLE `news_comment`  (
  `id` bigint(10) NOT NULL AUTO_INCREMENT COMMENT 'id',
  `newsId` bigint(10) NULL DEFAULT NULL COMMENT '评论新闻id',
  `content` varchar(2000) CHARACTER SET utf8 COLLATE utf8_unicode_ci NULL DEFAULT NULL COMMENT '评论内容',
  `author` varchar(50) CHARACTER SET utf8 COLLATE utf8_unicode_ci NULL DEFAULT NULL COMMENT '评论者',
  `ip` varchar(20) CHARACTER SET utf8 COLLATE utf8_unicode_ci NULL DEFAULT NULL COMMENT '评论ip',
  `createDate` datetime NULL DEFAULT NULL COMMENT '发表时间',
  PRIMARY KEY (`id`) USING BTREE
) ENGINE = MyISAM AUTO_INCREMENT = 83 CHARACTER SET = utf8 CHECKSUM = 1 COLLATE = utf8_unicode_ci COMMENT = '新闻评论表' DELAY_KEY_WRITE = 1 ROW_FORMAT = DYNAMIC;

-- ----------------------------
-- Records of news_comment
-- ----------------------------
INSERT INTO `news_comment` VALUES (61, 34, '太阳4:0横扫脏鹿，保罗FMVP', 'furfur', '127.0.0.1', '2021-07-06 23:44:24');
INSERT INTO `news_comment` VALUES (62, 34, '天道酬勤，FMVP是你的，保罗。', 'furfur', '127.0.0.1', '2021-07-06 23:44:36');
INSERT INTO `news_comment` VALUES (63, 37, '美国有风险，留学需谨慎。', 'furfur', '127.0.0.1', '2021-07-06 23:45:36');
INSERT INTO `news_comment` VALUES (59, 35, '等到香港没有疫情再说！', 'furfur', '127.0.0.1', '2021-07-06 23:43:34');
INSERT INTO `news_comment` VALUES (56, 34, '米德尔顿yyds！', 'admin', '127.0.0.1', '2021-07-06 22:30:09');
INSERT INTO `news_comment` VALUES (60, 35, '封关由得香港人，但开关就由不你们了。封关容易开关难。', 'furfur', '127.0.0.1', '2021-07-06 23:43:45');
INSERT INTO `news_comment` VALUES (54, 34, '字母哥不太行，垫脚侠！', 'admin', '127.0.0.1', '2021-07-06 21:45:44');
INSERT INTO `news_comment` VALUES (53, 34, '保罗MVP！！！太阳总冠军！！！', 'admin', '127.0.0.1', '2021-07-06 21:44:55');
INSERT INTO `news_comment` VALUES (64, 37, '不要迷信美国的学术水平，美国十分依赖国际交流吸收成果。中国应该出台禁止优秀理工科人才赴美留学的反措施。', 'furfur', '127.0.0.1', '2021-07-06 23:45:45');
INSERT INTO `news_comment` VALUES (65, 37, '回来吧海外游子！中国有大好的机会供你施展，为自己母国服务天经地义。', 'furfur', '127.0.0.1', '2021-07-06 23:45:54');
INSERT INTO `news_comment` VALUES (66, 24, '中华民族源远流长。', 'furfur', '127.0.0.1', '2021-07-06 23:47:07');
INSERT INTO `news_comment` VALUES (67, 33, '最水的女子世界第一', 'furfur', '127.0.0.1', '2021-07-06 23:48:40');
INSERT INTO `news_comment` VALUES (68, 33, '散步娃争点气啊，女网这么水，把握机会啊', 'furfur', '127.0.0.1', '2021-07-06 23:48:47');
INSERT INTO `news_comment` VALUES (69, 29, '征服太空，你就是地球的王，指日可待', 'furfur', '127.0.0.1', '2021-07-06 23:49:55');
INSERT INTO `news_comment` VALUES (70, 29, '太空漫步赏繁星，宇宙展示太极功。古人梦想今实现，中华男儿真英雄。', 'furfur', '127.0.0.1', '2021-07-06 23:50:17');
INSERT INTO `news_comment` VALUES (71, 29, '万户当惊华夏的子孙终于圆了他的飞天梦', 'furfur', '127.0.0.1', '2021-07-06 23:50:24');
INSERT INTO `news_comment` VALUES (72, 26, '最有力的凡尔赛：中国无法进行疫苗研究了，因为没病人！', 'furfur', '127.0.0.1', '2021-07-07 00:06:58');
INSERT INTO `news_comment` VALUES (73, 42, '《美国国家安全》好家伙！', 'furfur', '127.0.0.1', '2021-07-07 00:07:59');
INSERT INTO `news_comment` VALUES (74, 34, '字母哥真的不配赢，lj', 'furfur', '127.0.0.1', '2021-07-07 00:08:41');
INSERT INTO `news_comment` VALUES (75, 34, '克里斯保罗yyds！', 'furfur', '127.0.0.1', '2021-07-07 00:09:01');
INSERT INTO `news_comment` VALUES (81, 44, '意大利进球无效', 'furfur', '127.0.0.1', '2021-07-07 10:41:43');
INSERT INTO `news_comment` VALUES (77, 41, '台独？妄想！', 'staff', '127.0.0.1', '2021-07-07 00:59:14');
INSERT INTO `news_comment` VALUES (80, 34, '太阳总冠军！', 'staff', '127.0.0.1', '2021-07-07 10:37:47');

-- ----------------------------
-- Table structure for news_detail
-- ----------------------------
DROP TABLE IF EXISTS `news_detail`;
CREATE TABLE `news_detail`  (
  `id` bigint(10) NOT NULL AUTO_INCREMENT COMMENT 'id',
  `categoryId` bigint(10) NULL DEFAULT NULL COMMENT '新闻类别id',
  `title` varchar(100) CHARACTER SET utf8 COLLATE utf8_unicode_ci NULL DEFAULT NULL COMMENT '新闻标题',
  `summary` varchar(200) CHARACTER SET utf8 COLLATE utf8_unicode_ci NULL DEFAULT NULL COMMENT '新闻摘要',
  `content` text CHARACTER SET utf8 COLLATE utf8_unicode_ci NULL COMMENT '新闻内容',
  `picPath` varchar(50) CHARACTER SET utf8 COLLATE utf8_unicode_ci NULL DEFAULT NULL COMMENT '新闻图片路径',
  `author` varchar(50) CHARACTER SET utf8 COLLATE utf8_unicode_ci NULL DEFAULT NULL COMMENT '发表者',
  `createDate` datetime NULL DEFAULT NULL COMMENT '创建时间',
  `modifyDate` datetime NULL DEFAULT NULL COMMENT '修改时间',
  PRIMARY KEY (`id`) USING BTREE
) ENGINE = MyISAM AUTO_INCREMENT = 45 CHARACTER SET = utf8 CHECKSUM = 1 COLLATE = utf8_unicode_ci COMMENT = '新闻明细表' DELAY_KEY_WRITE = 1 ROW_FORMAT = DYNAMIC;

-- ----------------------------
-- Records of news_detail
-- ----------------------------
INSERT INTO `news_detail` VALUES (35, 1, '林郑月娥：暂时未有与内地通关时间表', '香港特区行政长官林郑月娥表示，暂时未有与内地的通关时间表。', '<p style=\"margin: 0px 0px 18px; padding: 0px; color: rgb(77, 79, 83); font-family: &quot;Hiragino Sans GB&quot;, &quot;Microsoft Yahei&quot;, &quot;\\\\5FAE软雅黑&quot;, SimSun, &quot;\\\\5B8B体&quot;, Arial; font-size: 18px; letter-spacing: 1px;\">\r\n	据香港电台网站7月6日报道，香港特区行政长官林郑月娥表示，暂时未有与内地的通关时间表。</p>\r\n<p style=\"margin: 0px 0px 18px; padding: 0px; color: rgb(77, 79, 83); font-family: &quot;Hiragino Sans GB&quot;, &quot;Microsoft Yahei&quot;, &quot;\\\\5FAE软雅黑&quot;, SimSun, &quot;\\\\5B8B体&quot;, Arial; font-size: 18px; letter-spacing: 1px;\">\r\n	　　林郑月娥在出席行政会议前回应记者提问时说，明白香港市民对通关的诉求，早前到北京期间，有机会见到港澳办官员，表达通关诉求，当局正在梳理相关报告再交予中央，暂时未有通关时间表。</p>\r\n<p style=\"margin: 0px 0px 18px; padding: 0px; color: rgb(77, 79, 83); font-family: &quot;Hiragino Sans GB&quot;, &quot;Microsoft Yahei&quot;, &quot;\\\\5FAE软雅黑&quot;, SimSun, &quot;\\\\5B8B体&quot;, Arial; font-size: 18px; letter-spacing: 1px;\">\r\n	　　至于会否放宽香港的防疫措施，林郑月娥表示，食物及卫生局局长陈肇始应会于本周交代。</p>', NULL, 'admin', '2021-07-06 10:48:10', NULL);
INSERT INTO `news_detail` VALUES (9, 1, '国务院公布第五批国家级非遗名录', '截至目前，国务院共公布国家级非遗代表性项目名录1557项', '<p style=\"margin: 0px 0px 18px; padding: 0px; color: rgb(77, 79, 83); font-family: &quot;Hiragino Sans GB&quot;, &quot;Microsoft Yahei&quot;, &quot;\\\\5FAE软雅黑&quot;, SimSun, &quot;\\\\5B8B体&quot;, Arial; font-size: 18px; letter-spacing: 1px;\">\r\n	&nbsp; &nbsp; &nbsp; &nbsp; &nbsp; &nbsp; &nbsp;<img alt=\"柳州螺蛳粉（资料图 视觉中国）\" src=\"https://n.sinaimg.cn/news/crawl/162/w550h412/20210610/eb03-krhvrxt5509953.jpg\" /></p>\r\n<p style=\"margin: 0px 0px 18px; padding: 0px; color: rgb(77, 79, 83); font-family: &quot;Hiragino Sans GB&quot;, &quot;Microsoft Yahei&quot;, &quot;\\\\5FAE软雅黑&quot;, SimSun, &quot;\\\\5B8B体&quot;, Arial; font-size: 18px; letter-spacing: 1px;\">\r\n	国务院公布第五批国家级非物质文化遗产代表性项目名录共185项，柳州螺蛳粉制作技艺、沙县小吃制作技艺等上榜。截至目前，国务院共公布国家级非遗代表性项目名录1557项。</p>\r\n<p style=\"margin: 0px 0px 18px; padding: 0px; color: rgb(77, 79, 83); font-family: &quot;Hiragino Sans GB&quot;, &quot;Microsoft Yahei&quot;, &quot;\\\\5FAE软雅黑&quot;, SimSun, &quot;\\\\5B8B体&quot;, Arial; font-size: 18px; letter-spacing: 1px;\">\r\n	　　第五批国家级非物质文化遗产代表性项目名录</p>\r\n<p style=\"margin: 0px 0px 18px; padding: 0px; color: rgb(77, 79, 83); font-family: &quot;Hiragino Sans GB&quot;, &quot;Microsoft Yahei&quot;, &quot;\\\\5FAE软雅黑&quot;, SimSun, &quot;\\\\5B8B体&quot;, Arial; font-size: 18px; letter-spacing: 1px;\">\r\n	　　（共计185项）</p>\r\n<p style=\"margin: 0px 0px 18px; padding: 0px; color: rgb(77, 79, 83); font-family: &quot;Hiragino Sans GB&quot;, &quot;Microsoft Yahei&quot;, &quot;\\\\5FAE软雅黑&quot;, SimSun, &quot;\\\\5B8B体&quot;, Arial; font-size: 18px; letter-spacing: 1px;\">\r\n	　　一、民间文学（共计12项）</p>\r\n<div class=\"img_wrapper\" style=\"margin: 0px; padding: 0px; text-align: center; color: rgb(77, 79, 83); font-family: &quot;Hiragino Sans GB&quot;, &quot;Microsoft Yahei&quot;, &quot;\\\\5FAE软雅黑&quot;, SimSun, &quot;\\\\5B8B体&quot;, Arial; font-size: 18px; letter-spacing: 1px;\">\r\n	<img alt=\"\" src=\"https://n.sinaimg.cn/news/crawl/330/w550h580/20210610/443f-krhvrxt5510043.jpg\" style=\"margin: 0px auto; padding: 0px; border: 0px none; vertical-align: top; display: block; max-width: 640px;\" /></div>\r\n<p style=\"margin: 0px 0px 18px; padding: 0px; color: rgb(77, 79, 83); font-family: &quot;Hiragino Sans GB&quot;, &quot;Microsoft Yahei&quot;, &quot;\\\\5FAE软雅黑&quot;, SimSun, &quot;\\\\5B8B体&quot;, Arial; font-size: 18px; letter-spacing: 1px;\">\r\n	　　二、传统音乐（共计19项）</p>\r\n<div class=\"img_wrapper\" style=\"margin: 0px; padding: 0px; text-align: center; color: rgb(77, 79, 83); font-family: &quot;Hiragino Sans GB&quot;, &quot;Microsoft Yahei&quot;, &quot;\\\\5FAE软雅黑&quot;, SimSun, &quot;\\\\5B8B体&quot;, Arial; font-size: 18px; letter-spacing: 1px;\">\r\n	<img alt=\"\" src=\"https://n.sinaimg.cn/news/crawl/509/w550h759/20210610/dbde-krhvrxt5510166.jpg\" style=\"margin: 0px auto; padding: 0px; border: 0px none; vertical-align: top; display: block; max-width: 640px;\" /></div>\r\n<p style=\"margin: 0px 0px 18px; padding: 0px; color: rgb(77, 79, 83); font-family: &quot;Hiragino Sans GB&quot;, &quot;Microsoft Yahei&quot;, &quot;\\\\5FAE软雅黑&quot;, SimSun, &quot;\\\\5B8B体&quot;, Arial; font-size: 18px; letter-spacing: 1px;\">\r\n	　　三、传统舞蹈（共计13项）</p>\r\n<div class=\"img_wrapper\" style=\"margin: 0px; padding: 0px; text-align: center; color: rgb(77, 79, 83); font-family: &quot;Hiragino Sans GB&quot;, &quot;Microsoft Yahei&quot;, &quot;\\\\5FAE软雅黑&quot;, SimSun, &quot;\\\\5B8B体&quot;, Arial; font-size: 18px; letter-spacing: 1px;\">\r\n	<img alt=\"\" src=\"https://n.sinaimg.cn/news/crawl/277/w550h527/20210610/f19f-krhvrxt5510291.jpg\" style=\"margin: 0px auto; padding: 0px; border: 0px none; vertical-align: top; display: block; max-width: 640px;\" /></div>\r\n<p style=\"margin: 0px 0px 18px; padding: 0px; color: rgb(77, 79, 83); font-family: &quot;Hiragino Sans GB&quot;, &quot;Microsoft Yahei&quot;, &quot;\\\\5FAE软雅黑&quot;, SimSun, &quot;\\\\5B8B体&quot;, Arial; font-size: 18px; letter-spacing: 1px;\">\r\n	　　四、传统戏剧（共计9项）</p>\r\n<div class=\"img_wrapper\" style=\"margin: 0px; padding: 0px; text-align: center; color: rgb(77, 79, 83); font-family: &quot;Hiragino Sans GB&quot;, &quot;Microsoft Yahei&quot;, &quot;\\\\5FAE软雅黑&quot;, SimSun, &quot;\\\\5B8B体&quot;, Arial; font-size: 18px; letter-spacing: 1px;\">\r\n	<img alt=\"\" src=\"https://n.sinaimg.cn/news/crawl/128/w550h378/20210610/db7c-krhvrxt5510385.jpg\" style=\"margin: 0px auto; padding: 0px; border: 0px none; vertical-align: top; display: block; max-width: 640px;\" /></div>\r\n<p style=\"margin: 0px 0px 18px; padding: 0px; color: rgb(77, 79, 83); font-family: &quot;Hiragino Sans GB&quot;, &quot;Microsoft Yahei&quot;, &quot;\\\\5FAE软雅黑&quot;, SimSun, &quot;\\\\5B8B体&quot;, Arial; font-size: 18px; letter-spacing: 1px;\">\r\n	　　五、曲艺（共计18项）</p>\r\n<div class=\"img_wrapper\" style=\"margin: 0px; padding: 0px; text-align: center; color: rgb(77, 79, 83); font-family: &quot;Hiragino Sans GB&quot;, &quot;Microsoft Yahei&quot;, &quot;\\\\5FAE软雅黑&quot;, SimSun, &quot;\\\\5B8B体&quot;, Arial; font-size: 18px; letter-spacing: 1px;\">\r\n	<img alt=\"\" src=\"https://n.sinaimg.cn/news/crawl/378/w550h628/20210610/df8a-krhvrxt5510500.jpg\" style=\"margin: 0px auto; padding: 0px; border: 0px none; vertical-align: top; display: block; max-width: 640px;\" /></div>\r\n<p style=\"margin: 0px 0px 18px; padding: 0px; color: rgb(77, 79, 83); font-family: &quot;Hiragino Sans GB&quot;, &quot;Microsoft Yahei&quot;, &quot;\\\\5FAE软雅黑&quot;, SimSun, &quot;\\\\5B8B体&quot;, Arial; font-size: 18px; letter-spacing: 1px;\">\r\n	　　六、传统体育、游艺与杂技（共计27项）</p>\r\n<div class=\"img_wrapper\" style=\"margin: 0px; padding: 0px; text-align: center; color: rgb(77, 79, 83); font-family: &quot;Hiragino Sans GB&quot;, &quot;Microsoft Yahei&quot;, &quot;\\\\5FAE软雅黑&quot;, SimSun, &quot;\\\\5B8B体&quot;, Arial; font-size: 18px; letter-spacing: 1px;\">\r\n	<img alt=\"\" src=\"https://n.sinaimg.cn/news/crawl/743/w543h1000/20210610/4a2a-krhvrxt5510565.jpg\" style=\"margin: 0px auto; padding: 0px; border: 0px none; vertical-align: top; display: block; max-width: 640px;\" /></div>\r\n<p style=\"margin: 0px 0px 18px; padding: 0px; color: rgb(77, 79, 83); font-family: &quot;Hiragino Sans GB&quot;, &quot;Microsoft Yahei&quot;, &quot;\\\\5FAE软雅黑&quot;, SimSun, &quot;\\\\5B8B体&quot;, Arial; font-size: 18px; letter-spacing: 1px;\">\r\n	　　七、传统美术（共计17项）</p>\r\n<div class=\"img_wrapper\" style=\"margin: 0px; padding: 0px; text-align: center; color: rgb(77, 79, 83); font-family: &quot;Hiragino Sans GB&quot;, &quot;Microsoft Yahei&quot;, &quot;\\\\5FAE软雅黑&quot;, SimSun, &quot;\\\\5B8B体&quot;, Arial; font-size: 18px; letter-spacing: 1px;\">\r\n	<img alt=\"\" src=\"https://n.sinaimg.cn/news/crawl/527/w550h777/20210610/38a6-krhvrxt5510723.jpg\" style=\"margin: 0px auto; padding: 0px; border: 0px none; vertical-align: top; display: block; max-width: 640px;\" /></div>\r\n<p style=\"margin: 0px 0px 18px; padding: 0px; color: rgb(77, 79, 83); font-family: &quot;Hiragino Sans GB&quot;, &quot;Microsoft Yahei&quot;, &quot;\\\\5FAE软雅黑&quot;, SimSun, &quot;\\\\5B8B体&quot;, Arial; font-size: 18px; letter-spacing: 1px;\">\r\n	　　八、传统技艺（共计46项）</p>\r\n<div class=\"img_wrapper\" style=\"margin: 0px; padding: 0px; text-align: center; color: rgb(77, 79, 83); font-family: &quot;Hiragino Sans GB&quot;, &quot;Microsoft Yahei&quot;, &quot;\\\\5FAE软雅黑&quot;, SimSun, &quot;\\\\5B8B体&quot;, Arial; font-size: 18px; letter-spacing: 1px;\">\r\n	<img alt=\"\" src=\"https://n.sinaimg.cn/news/crawl/334/w334h1600/20210610/ff61-krhvrxt5510883.jpg\" style=\"margin: 0px auto; padding: 0px; border: 0px none; vertical-align: top; display: block; max-width: 640px;\" /></div>\r\n<p style=\"margin: 0px 0px 18px; padding: 0px; color: rgb(77, 79, 83); font-family: &quot;Hiragino Sans GB&quot;, &quot;Microsoft Yahei&quot;, &quot;\\\\5FAE软雅黑&quot;, SimSun, &quot;\\\\5B8B体&quot;, Arial; font-size: 18px; letter-spacing: 1px;\">\r\n	　　九、民俗（共计24项）</p>\r\n<div class=\"img_wrapper\" style=\"margin: 0px; padding: 0px; text-align: center; color: rgb(77, 79, 83); font-family: &quot;Hiragino Sans GB&quot;, &quot;Microsoft Yahei&quot;, &quot;\\\\5FAE软雅黑&quot;, SimSun, &quot;\\\\5B8B体&quot;, Arial; font-size: 18px; letter-spacing: 1px;\">\r\n	<img alt=\"\" src=\"https://n.sinaimg.cn/news/crawl/717/w517h1000/20210610/85d1-krhvrxt5510995.jpg\" style=\"margin: 0px auto; padding: 0px; border: 0px none; vertical-align: top; display: block; max-width: 640px;\" /></div>\r\n<div>\r\n	&nbsp;</div>', NULL, 'xy', '2021-07-05 17:52:10', NULL);
INSERT INTO `news_detail` VALUES (25, 7, '三星堆又“上新”，这次开出什么“盲盒”？', '“走进三星堆读懂中华文明”主题活动今日举行 三星堆又将“上新”这次开出什么“盲盒”？', '<p style=\"margin: 0px 0px 18px; padding: 0px; color: rgb(77, 79, 83); font-family: &quot;Hiragino Sans GB&quot;, &quot;Microsoft Yahei&quot;, &quot;\\\\5FAE软雅黑&quot;, SimSun, &quot;\\\\5B8B体&quot;, Arial; font-size: 18px; letter-spacing: 1px;\">\r\n	　沉睡三千年，一醒惊天下。神秘三星堆，考古又&ldquo;上新&rdquo;。</p>\r\n<p style=\"margin: 0px 0px 18px; padding: 0px; color: rgb(77, 79, 83); font-family: &quot;Hiragino Sans GB&quot;, &quot;Microsoft Yahei&quot;, &quot;\\\\5FAE软雅黑&quot;, SimSun, &quot;\\\\5B8B体&quot;, Arial; font-size: 18px; letter-spacing: 1px;\">\r\n	　　为了让国内外民众更好地了解三星堆文化，5月28日，国务院新闻办公室、国家文物局、四川省人民政府将在广汉市三星堆博物馆联合举办&ldquo;走进三星堆读懂中华文明&rdquo;主题活动。活动当天将召开推介会，介绍三星堆考古发掘新成果，举办&ldquo;三星堆奇妙夜&rdquo;活动，发布三星堆文化全球传播重点项目，此外还有精美绝伦的实景演出。</p>\r\n<p style=\"margin: 0px 0px 18px; padding: 0px; color: rgb(77, 79, 83); font-family: &quot;Hiragino Sans GB&quot;, &quot;Microsoft Yahei&quot;, &quot;\\\\5FAE软雅黑&quot;, SimSun, &quot;\\\\5B8B体&quot;, Arial; font-size: 18px; letter-spacing: 1px;\">\r\n	　　值得期待的是，活动期间，三星堆又将揭晓考古发掘新成果。这次要开出什么&ldquo;盲盒&rdquo;？华西都市报、封面新闻将与您一同关注。</p>\r\n<p style=\"margin: 0px 0px 18px; padding: 0px; color: rgb(77, 79, 83); font-family: &quot;Hiragino Sans GB&quot;, &quot;Microsoft Yahei&quot;, &quot;\\\\5FAE软雅黑&quot;, SimSun, &quot;\\\\5B8B体&quot;, Arial; font-size: 18px; letter-spacing: 1px;\">\r\n	　　<span style=\"font-weight: 700 !important;\">沉浸式夜游三星堆 博物馆奇妙夜&ldquo;给你好看&rdquo;</span></p>\r\n<p style=\"margin: 0px 0px 18px; padding: 0px; color: rgb(77, 79, 83); font-family: &quot;Hiragino Sans GB&quot;, &quot;Microsoft Yahei&quot;, &quot;\\\\5FAE软雅黑&quot;, SimSun, &quot;\\\\5B8B体&quot;, Arial; font-size: 18px; letter-spacing: 1px;\">\r\n	　　5月27日晚，广汉三星堆博物馆来了许多客人，有来自全国各地的媒体，也有不少闻讯而来的当地朋友。博物馆广场上，张灯结彩，星光熠熠，热闹非凡，工作人员正忙着为28日举行的&ldquo;三星堆奇妙夜&rdquo;活动做准备。</p>\r\n<p style=\"margin: 0px 0px 18px; padding: 0px; color: rgb(77, 79, 83); font-family: &quot;Hiragino Sans GB&quot;, &quot;Microsoft Yahei&quot;, &quot;\\\\5FAE软雅黑&quot;, SimSun, &quot;\\\\5B8B体&quot;, Arial; font-size: 18px; letter-spacing: 1px;\">\r\n	　　据了解，28日举办的&ldquo;走进三星堆读懂中华文明&rdquo;主题活动包括召开推介会介绍三星堆考古发掘新成果、举办&ldquo;三星堆奇妙夜&rdquo;活动、发布三星堆文化全球传播重点项目、实景演出等。该活动将打造沉浸式夜游三星堆的奇妙体验，是一场集学术性、思想性、观赏性、趣味性于一体的文化盛宴，将为增进中外文明交流互鉴发挥积极作用。</p>\r\n<p style=\"margin: 0px 0px 18px; padding: 0px; color: rgb(77, 79, 83); font-family: &quot;Hiragino Sans GB&quot;, &quot;Microsoft Yahei&quot;, &quot;\\\\5FAE软雅黑&quot;, SimSun, &quot;\\\\5B8B体&quot;, Arial; font-size: 18px; letter-spacing: 1px;\">\r\n	　　此外，28日晚，&ldquo;三星堆奇妙夜之古蜀之门&rdquo;沉浸式主题灯展将正式亮相。这一夜，三星堆博物馆变身为通向古蜀王国的时空隧道&mdash;&mdash;祈福神官，夹道迎宾；千只神鸟，站立枝头；巨大的青铜立人像左右环顾，庄严肃穆；黄金面具和太阳玄鸟化作奇幻的青铜之树，在夜空中摇曳生辉。在奇幻森林的尽头，青铜神树流光溢彩，化作辉煌的&ldquo;古蜀之门&rdquo;，宾客由此步入一场跨越3000多年的古蜀之梦。</p>\r\n<p style=\"margin: 0px 0px 18px; padding: 0px; color: rgb(77, 79, 83); font-family: &quot;Hiragino Sans GB&quot;, &quot;Microsoft Yahei&quot;, &quot;\\\\5FAE软雅黑&quot;, SimSun, &quot;\\\\5B8B体&quot;, Arial; font-size: 18px; letter-spacing: 1px;\">\r\n	　　<span style=\"font-weight: 700 !important;\">三星堆再上新 将揭晓发掘新成果</span></p>\r\n<p style=\"margin: 0px 0px 18px; padding: 0px; color: rgb(77, 79, 83); font-family: &quot;Hiragino Sans GB&quot;, &quot;Microsoft Yahei&quot;, &quot;\\\\5FAE软雅黑&quot;, SimSun, &quot;\\\\5B8B体&quot;, Arial; font-size: 18px; letter-spacing: 1px;\">\r\n	　　值得期待的是，28日，主办方还将揭晓三星堆考古发掘新成果。时隔两个月，K3-K8号祭祀坑又出土了什么新文物？有哪些考古新发现将对外公布？华西都市报、封面新闻记者将第一时间为大家揭晓答案。</p>\r\n<p style=\"margin: 0px 0px 18px; padding: 0px; color: rgb(77, 79, 83); font-family: &quot;Hiragino Sans GB&quot;, &quot;Microsoft Yahei&quot;, &quot;\\\\5FAE软雅黑&quot;, SimSun, &quot;\\\\5B8B体&quot;, Arial; font-size: 18px; letter-spacing: 1px;\">\r\n	　　事实上，早在3月20日，&ldquo;考古中国&rdquo;重大项目工作进展会上就首次通报了三星堆遗址重要考古发现与研究成果：新发现了6座&ldquo;祭祀坑&rdquo;，陆续出土了金面具残片等500多件重点文物。</p>\r\n<p style=\"margin: 0px 0px 18px; padding: 0px; color: rgb(77, 79, 83); font-family: &quot;Hiragino Sans GB&quot;, &quot;Microsoft Yahei&quot;, &quot;\\\\5FAE软雅黑&quot;, SimSun, &quot;\\\\5B8B体&quot;, Arial; font-size: 18px; letter-spacing: 1px;\">\r\n	<br />\r\n	　　<span style=\"font-weight: 700 !important;\">23家单位共同参与 开展多学科考古工作</span>　　根据上次通报，2019年11月至2020年5月，三星堆新发掘出了6座&ldquo;祭祀坑&rdquo;。&ldquo;祭祀坑&rdquo;平面均为长方形，规模在3.5-19平方米之间。当时，3、4、5、6号坑内已发掘至器物层，7号和8号坑正在发掘坑内填土，已出土金面具残片、鸟形金饰片、金箔、眼部有彩绘的铜头像、巨青铜面具、青铜神树、象牙、精美牙雕残件、玉琮、玉石器等重要文物500余件。</p>\r\n<p style=\"margin: 0px 0px 18px; padding: 0px; color: rgb(77, 79, 83); font-family: &quot;Hiragino Sans GB&quot;, &quot;Microsoft Yahei&quot;, &quot;\\\\5FAE软雅黑&quot;, SimSun, &quot;\\\\5B8B体&quot;, Arial; font-size: 18px; letter-spacing: 1px;\">\r\n	　　5月25日，三星堆遗址多学科综合研究集中签约仪式在广汉举行，22家高等院校和科研机构同四川省文物考古研究院签订科研合作协议。未来，22家高校和科研单位将群策群力，发挥各自专长，和四川省文物考古研究院在考古发掘、人才培养、实验室考古、青铜器科学研究、出土骨渣样品及象牙DNA测定、有机残留物分析研究等方面开展合作。</p>', NULL, 'furfur', '2021-07-06 12:52:10', NULL);
INSERT INTO `news_detail` VALUES (24, 7, '三星堆文化推介会公布考古新发现', '“三星堆全球文化推介会”公布了三星堆遗址6个祭祀坑的最新发掘进展。', '<p style=\"margin: 0px 0px 18px; padding: 0px; color: rgb(77, 79, 83); font-family: &quot;Hiragino Sans GB&quot;, &quot;Microsoft Yahei&quot;, &quot;\\\\5FAE软雅黑&quot;, SimSun, &quot;\\\\5B8B体&quot;, Arial; font-size: 18px; letter-spacing: 1px;\">\r\n	截至目前，6个三星堆祭祀坑已提取出土象牙、青铜器、金器、玉石器等重要文物534件及残破文物碎片近2000件。3、4号坑内象牙提取工作已基本完成，下一步将对众多揭露出来的青铜器进行发掘；5号坑比较特殊，圆形金箔片散落众多，专家会商后，决定将对其局部开展实验室考古；6号坑的&ldquo;木箱&rdquo;也准备整体提取；7号坑开辟了一个小探方，在填土下方已发现密布的象牙；8号坑在近20厘米的灰烬层中已经发现神树、金器、铜面具等各种残片，同时，最新出土一件金面具残片，耳朵和嘴巴的轮廓清晰可见。</p>\r\n<div class=\"img_wrapper\" style=\"margin: 0px; padding: 0px; text-align: center; color: rgb(77, 79, 83); font-family: &quot;Hiragino Sans GB&quot;, &quot;Microsoft Yahei&quot;, &quot;\\\\5FAE软雅黑&quot;, SimSun, &quot;\\\\5B8B体&quot;, Arial; font-size: 18px; letter-spacing: 1px;\">\r\n	<img alt=\"金面具残片\" data-link=\"\" src=\"https://n.sinaimg.cn/video/transform/117/w550h367/20210528/631d-kquziii0778126.jpg\" style=\"margin: 0px auto; padding: 0px; border: 0px none; vertical-align: top; display: block; max-width: 640px;\" /><span class=\"img_descr\" style=\"margin: 5px auto; padding: 6px 0px; line-height: 20px; font-size: 16px; display: inline-block; zoom: 1; text-align: left; font-weight: 700;\">金面具残片</span></div>\r\n<div class=\"img_wrapper\" style=\"margin: 0px; padding: 0px; text-align: center; color: rgb(77, 79, 83); font-family: &quot;Hiragino Sans GB&quot;, &quot;Microsoft Yahei&quot;, &quot;\\\\5FAE软雅黑&quot;, SimSun, &quot;\\\\5B8B体&quot;, Arial; font-size: 18px; letter-spacing: 1px;\">\r\n	<img alt=\"金面具残片\" data-link=\"\" src=\"https://n.sinaimg.cn/video/transform/532/w532h800/20210528/5c34-kquziii0780287.jpg\" style=\"margin: 0px auto; padding: 0px; border: 0px none; vertical-align: top; display: block; max-width: 640px;\" /><span class=\"img_descr\" style=\"margin: 5px auto; padding: 6px 0px; line-height: 20px; font-size: 16px; display: inline-block; zoom: 1; text-align: left; font-weight: 700;\">金面具残片</span></div>\r\n<div class=\"img_wrapper\" style=\"margin: 0px; padding: 0px; text-align: center; color: rgb(77, 79, 83); font-family: &quot;Hiragino Sans GB&quot;, &quot;Microsoft Yahei&quot;, &quot;\\\\5FAE软雅黑&quot;, SimSun, &quot;\\\\5B8B体&quot;, Arial; font-size: 18px; letter-spacing: 1px;\">\r\n	<img alt=\"金面具残片\" data-link=\"\" src=\"https://n.sinaimg.cn/video/transform/162/w550h412/20210528/20f3-kquziii0781561.jpg\" style=\"margin: 0px auto; padding: 0px; border: 0px none; vertical-align: top; display: block; max-width: 640px;\" /><span class=\"img_descr\" style=\"margin: 5px auto; padding: 6px 0px; line-height: 20px; font-size: 16px; display: inline-block; zoom: 1; text-align: left; font-weight: 700;\">金面具残片</span></div>\r\n<p style=\"margin: 0px 0px 18px; padding: 0px; color: rgb(77, 79, 83); font-family: &quot;Hiragino Sans GB&quot;, &quot;Microsoft Yahei&quot;, &quot;\\\\5FAE软雅黑&quot;, SimSun, &quot;\\\\5B8B体&quot;, Arial; font-size: 18px; letter-spacing: 1px;\">\r\n	　　外国驻蓉驻渝领事机构代表、中外媒体记者以及各届代表人士参加了推介会。</p>', NULL, 'furfur', '2021-07-06 12:52:10', NULL);
INSERT INTO `news_detail` VALUES (26, 1, 'CNN：中国疫苗挽救了许多生命', '衡量疫苗有效与否的关键标准是防止死亡和住院病例的出现，而不是要实现新冠病毒零感染。', '<p cms-style=\"font-L\" style=\"margin: 0px 0px 18px; padding: 0px; font-size: 18px; color: rgb(0, 0, 0); font-family: &quot;Hiragino Sans GB&quot;, &quot;Microsoft Yahei&quot;, &quot;\\\\5FAE软雅黑&quot;, SimSun, &quot;\\\\5B8B体&quot;, Arial; letter-spacing: 1px;\">\r\n	美国有线电视新闻网网站（CNN）7月3日援引专家的话报道称，没有哪种疫苗能针对新冠病毒提供100%的防护，因此出现突破性病例是可以预见的。衡量疫苗有效与否的关键标准是防止死亡和住院病例的出现，而不是要实现新冠病毒零感染。</p>\r\n<div class=\"img_wrapper\" style=\"margin: 0px; padding: 0px; text-align: center; color: rgb(77, 79, 83); font-family: &quot;Hiragino Sans GB&quot;, &quot;Microsoft Yahei&quot;, &quot;\\\\5FAE软雅黑&quot;, SimSun, &quot;\\\\5B8B体&quot;, Arial; font-size: 18px; letter-spacing: 1px;\">\r\n	<img alt=\"▲5月21日，工作人员在埃及开罗国际机场运输埃及自中国商业采购的首批科兴疫苗原液。新华社记者隋先凯摄\" id=\"1\" src=\"https://n.sinaimg.cn/sinakd202176s/400/w720h480/20210706/be0a-ksmehzs7620187.png\" style=\"margin: 0px auto; padding: 0px; border: 0px none; vertical-align: top; display: block; max-width: 640px;\" /><span class=\"img_descr\" style=\"margin: 5px auto; padding: 6px 0px; line-height: 20px; font-size: 16px; display: inline-block; zoom: 1; text-align: left; font-weight: 700;\">▲5月21日，工作人员在埃及开罗国际机场运输埃及自中国商业采购的首批科兴疫苗原液。新华社记者隋先凯摄</span></div>\r\n<p cms-style=\"font-L\" style=\"margin: 0px 0px 18px; padding: 0px; font-size: 18px; color: rgb(0, 0, 0); font-family: &quot;Hiragino Sans GB&quot;, &quot;Microsoft Yahei&quot;, &quot;\\\\5FAE软雅黑&quot;, SimSun, &quot;\\\\5B8B体&quot;, Arial; letter-spacing: 1px;\">\r\n	<br />\r\n	　　报道援引专家的话称，使用中国疫苗的地方暴发的疫情大致符合根据这种防护效力做出的预期。　　报道称，根据提交给世卫组织的试验数据，在巴西开展的试验中，科兴疫苗对新冠肺炎的整体有效率约为50%，对重症新冠肺炎的防护效力则达到100%。世卫组织说，中国国药疫苗的防护效力估计为79%。</p>\r\n<p cms-style=\"font-L\" style=\"margin: 0px 0px 18px; padding: 0px; font-size: 18px; color: rgb(0, 0, 0); font-family: &quot;Hiragino Sans GB&quot;, &quot;Microsoft Yahei&quot;, &quot;\\\\5FAE软雅黑&quot;, SimSun, &quot;\\\\5B8B体&quot;, Arial; letter-spacing: 1px;\">\r\n	　　香港大学分子病毒学教授金冬雁说：&ldquo;如果我们想降低重症病例（及）死亡人数，那么国药和科兴疫苗能起到帮助作用。&rdquo;</p>\r\n<p cms-style=\"font-L\" style=\"margin: 0px 0px 18px; padding: 0px; font-size: 18px; color: rgb(0, 0, 0); font-family: &quot;Hiragino Sans GB&quot;, &quot;Microsoft Yahei&quot;, &quot;\\\\5FAE软雅黑&quot;, SimSun, &quot;\\\\5B8B体&quot;, Arial; letter-spacing: 1px;\">\r\n	　　这所大学的传染病流行病学教授本&middot;考林说，中国的疫苗似乎减少了重症感染和死亡的情况。他说：<font cms-style=\"font-L strong-Bold\" style=\"font-weight: 800 !important;\">&ldquo;我认为疫苗无疑发挥了作用，它们挽救了许多生命。&rdquo;</font></p>\r\n<p cms-style=\"font-L\" style=\"margin: 0px 0px 18px; padding: 0px; font-size: 18px; color: rgb(0, 0, 0); font-family: &quot;Hiragino Sans GB&quot;, &quot;Microsoft Yahei&quot;, &quot;\\\\5FAE软雅黑&quot;, SimSun, &quot;\\\\5B8B体&quot;, Arial; letter-spacing: 1px;\">\r\n	　　实际上，英格兰公共卫生署今年6月的一份报告就指出，英国28天来感染了德尔塔毒株并死亡的117人中，50人完成了两剂疫苗的接种。而英国正在使用的是莫德纳、辉瑞/拜恩泰科以及牛津/阿斯利康疫苗。</p>\r\n<p cms-style=\"font-L\" style=\"margin: 0px 0px 18px; padding: 0px; font-size: 18px; color: rgb(0, 0, 0); font-family: &quot;Hiragino Sans GB&quot;, &quot;Microsoft Yahei&quot;, &quot;\\\\5FAE软雅黑&quot;, SimSun, &quot;\\\\5B8B体&quot;, Arial; letter-spacing: 1px;\">\r\n	　　金冬雁教授提醒说，重症病例可能存在某些深层次问题。他说，有些接种了疫苗的新冠肺炎住院患者可能存在免疫缺陷，这意味着他们的身体无法产生强烈的免疫反应。</p>', NULL, 'furfur', '2021-07-06 08:33:12', NULL);
INSERT INTO `news_detail` VALUES (27, 1, '将发射两颗卫星抢占6G研发？华为：假消息', '7月6日上午，对此前有媒体报道称华为将发射两颗卫星抢占6G研发一消息予以否认', '<p cms-style=\"font-L\" style=\"margin: 0px 0px 18px; padding: 0px; font-size: 18px; color: rgb(0, 0, 0); font-family: &quot;Hiragino Sans GB&quot;, &quot;Microsoft Yahei&quot;, &quot;\\\\5FAE软雅黑&quot;, SimSun, &quot;\\\\5B8B体&quot;, Arial; letter-spacing: 1px;\">\r\n	7月6日上午，@华为中国 对此前有媒体报道称华为将发射两颗卫星抢占6G研发一消息予以否认，并配文&ldquo;假消息&rdquo;。</p>\r\n<div class=\"img_wrapper\" style=\"margin: 0px; padding: 0px; text-align: center; color: rgb(77, 79, 83); font-family: &quot;Hiragino Sans GB&quot;, &quot;Microsoft Yahei&quot;, &quot;\\\\5FAE软雅黑&quot;, SimSun, &quot;\\\\5B8B体&quot;, Arial; font-size: 18px; letter-spacing: 1px;\">\r\n	<img alt=\"\" id=\"0\" src=\"https://n.sinaimg.cn/spider202176/765/w700h865/20210706/1dcc-ksmehzs7447424.png\" style=\"margin: 0px auto; padding: 0px; border: 0px none; vertical-align: top; display: block; max-width: 640px;\" /></div>\r\n<div>\r\n	&nbsp;</div>', NULL, 'admin', '2021-07-06 11:37:08', NULL);
INSERT INTO `news_detail` VALUES (28, 2, '“拜登害怕极了”', '“科学自由”组织网站6月22日发表墨西哥城市自治大学教授、著名左翼社会学者海因茨·迪特里希的署名文章。', '<p cms-style=\"font-L\" style=\"margin: 0px 0px 18px; padding: 0px; font-size: 18px; color: rgb(0, 0, 0); font-family: &quot;Hiragino Sans GB&quot;, &quot;Microsoft Yahei&quot;, &quot;\\\\5FAE软雅黑&quot;, SimSun, &quot;\\\\5B8B体&quot;, Arial; letter-spacing: 1px;\">\r\n	&ldquo;科学自由&rdquo;组织网站6月22日发表墨西哥城市自治大学教授、著名左翼社会学者海因茨&middot;迪特里希的署名文章。海因茨&middot;迪特里希认为，事实在西方的宣传中没有地位，西方媒体基本上已经沦为帝国主义野心的工具，在全球攻击中国社会主义成功发展的攻势中，它们正在充当心理战代理人的角色。全文摘编如下：</p>\r\n<p cms-style=\"font-L\" style=\"margin: 0px 0px 18px; padding: 0px; font-size: 18px; color: rgb(0, 0, 0); font-family: &quot;Hiragino Sans GB&quot;, &quot;Microsoft Yahei&quot;, &quot;\\\\5FAE软雅黑&quot;, SimSun, &quot;\\\\5B8B体&quot;, Arial; letter-spacing: 1px;\">\r\n	　　美国基于特朗普最初关于新冠病毒来源的谎言、所谓的&ldquo;新疆人权问题&rdquo;和香港&ldquo;颜色革命&rdquo;，重新掀起针对中国的抹黑运动。<font cms-style=\"font-L color210\" style=\"color: rgb(23, 69, 115) !important;\"><font cms-style=\"font-L strong-Bold color210\" style=\"font-weight: 800 !important;\">原因很简单，民主党人和拜登害怕极了，他们害怕在2022年11月举行的中期选举和2024年举行的总统大选中输给特朗普占主导地位的共和党。</font></font></p>\r\n<div class=\"img_wrapper\" style=\"margin: 0px; padding: 0px; text-align: center; color: rgb(77, 79, 83); font-family: &quot;Hiragino Sans GB&quot;, &quot;Microsoft Yahei&quot;, &quot;\\\\5FAE软雅黑&quot;, SimSun, &quot;\\\\5B8B体&quot;, Arial; font-size: 18px; letter-spacing: 1px;\">\r\n	<img alt=\"▲4月28日，美国总统拜登在首都华盛顿的国会发表演讲。新华社发\" data-link=\"\" src=\"https://n.sinaimg.cn/sinakd202176s/414/w720h494/20210706/0963-ksmehzs7620247.png\" style=\"margin: 0px auto; padding: 0px; border: 0px none; vertical-align: top; display: block; max-width: 640px;\" /><span class=\"img_descr\" style=\"margin: 5px auto; padding: 6px 0px; line-height: 20px; font-size: 16px; display: inline-block; zoom: 1; text-align: left; font-weight: 700;\">▲4月28日，美国总统拜登在首都华盛顿的国会发表演讲。新华社发</span></div>\r\n<p cms-style=\"font-L\" style=\"margin: 0px 0px 18px; padding: 0px; font-size: 18px; color: rgb(0, 0, 0); font-family: &quot;Hiragino Sans GB&quot;, &quot;Microsoft Yahei&quot;, &quot;\\\\5FAE软雅黑&quot;, SimSun, &quot;\\\\5B8B体&quot;, Arial; letter-spacing: 1px;\">\r\n	　　众议院全部435个席位和参议院100个席位中的34个届时都将展开改选。39个州长职位和其他许多州和地方职位也岌岌可危。既然资产阶级&ldquo;民主&rdquo;体制中的政党存在的唯一理由是赢得选举&mdash;&mdash;因为选举是获取国家权力的直接途径，而国家权力反过来又是获得社会财富（剩余价值）的直接途径&mdash;&mdash;民主党人现存的焦虑是可以理解的，他们担心自己被排除在&ldquo;食槽&rdquo;（剩余价值分配的旋转木马）之外。</p>\r\n<p cms-style=\"font-L\" style=\"margin: 0px 0px 18px; padding: 0px; font-size: 18px; color: rgb(0, 0, 0); font-family: &quot;Hiragino Sans GB&quot;, &quot;Microsoft Yahei&quot;, &quot;\\\\5FAE软雅黑&quot;, SimSun, &quot;\\\\5B8B体&quot;, Arial; letter-spacing: 1px;\">\r\n	　　因此，拜登在毫不留情攻击中国的同时，又试图通过对俄罗斯作出微不足道的让步来分裂莫斯科-北京战略联盟。这并不出人意料。</p>\r\n<p cms-style=\"font-L\" style=\"margin: 0px 0px 18px; padding: 0px; font-size: 18px; color: rgb(0, 0, 0); font-family: &quot;Hiragino Sans GB&quot;, &quot;Microsoft Yahei&quot;, &quot;\\\\5FAE软雅黑&quot;, SimSun, &quot;\\\\5B8B体&quot;, Arial; letter-spacing: 1px;\">\r\n	　　同样不令人意外的是，抹黑运动是中情局破坏稳定和当代&ldquo;颜色革命&rdquo;的惯常模式。</p>\r\n<p cms-style=\"font-L\" style=\"margin: 0px 0px 18px; padding: 0px; font-size: 18px; color: rgb(0, 0, 0); font-family: &quot;Hiragino Sans GB&quot;, &quot;Microsoft Yahei&quot;, &quot;\\\\5FAE软雅黑&quot;, SimSun, &quot;\\\\5B8B体&quot;, Arial; letter-spacing: 1px;\">\r\n	　　<font cms-style=\"font-L color210\" style=\"color: rgb(23, 69, 115) !important;\"><font cms-style=\"font-L strong-Bold color210\" style=\"font-weight: 800 !important;\">其中的原理就像这样，帝国主义宣传机器的总部将虚假新闻故事委托给乐于此道的&ldquo;记者&rdquo;，然后在私营媒体的&ldquo;新闻&rdquo;中传播。最后，白宫拾起这些谎言，对受害方进行官方攻击，并使这场攻击遍及整个欧洲、亚洲和拉丁美洲的媒体。</font></font></p>\r\n<p cms-style=\"font-L\" style=\"margin: 0px 0px 18px; padding: 0px; font-size: 18px; color: rgb(0, 0, 0); font-family: &quot;Hiragino Sans GB&quot;, &quot;Microsoft Yahei&quot;, &quot;\\\\5FAE软雅黑&quot;, SimSun, &quot;\\\\5B8B体&quot;, Arial; letter-spacing: 1px;\">\r\n	　　美国的宣传阴谋极其愚蠢无能，任何一个有见识和理智的人都不会当真。但是，资产阶级&ldquo;民主&rdquo;国家的公民已被精英统治阶级利用一种被称为&ldquo;媒体&rdquo;的心理战工具彻底洗脑。在美国，如今仍有约70%的共和党选民认定特朗普赢得了选举，总统职位是被民主党人窃取。事实上，他们的心理状态和良知水平比巴甫洛夫条件反射高不了多少。我们在讨论当代资产阶级&ldquo;民主&rdquo;的同时，谈到权力精英通过&ldquo;感知管理&rdquo;对大众进行文化额叶切除，这一点也不为过。</p>\r\n<p cms-style=\"font-L\" style=\"margin: 0px 0px 18px; padding: 0px; font-size: 18px; color: rgb(0, 0, 0); font-family: &quot;Hiragino Sans GB&quot;, &quot;Microsoft Yahei&quot;, &quot;\\\\5FAE软雅黑&quot;, SimSun, &quot;\\\\5B8B体&quot;, Arial; letter-spacing: 1px;\">\r\n	　　诺贝尔经济学奖得主保罗&middot;克鲁格曼从运作方式的角度，把这种病态的政治-经济-文化环境恰当地描述为&ldquo;自上而下的阶级斗争&rdquo;。他在《纽约时报》上写道：&ldquo;这听起来可能过于简单化，但这就是世界的运转方式。&rdquo;或者可以用普林斯顿大学学者马丁&middot;吉伦斯和西北大学学者本杰明&middot;佩奇的话说，支配世界重心的政治体制（美国）是一个&ldquo;经济精英统治&rdquo;和&ldquo;有偏见的多元主义&rdquo;的体制，而不是一个多数主义的&ldquo;民主体制&rdquo;。</p>\r\n<p cms-style=\"font-L\" style=\"margin: 0px 0px 18px; padding: 0px; font-size: 18px; color: rgb(0, 0, 0); font-family: &quot;Hiragino Sans GB&quot;, &quot;Microsoft Yahei&quot;, &quot;\\\\5FAE软雅黑&quot;, SimSun, &quot;\\\\5B8B体&quot;, Arial; letter-spacing: 1px;\">\r\n	　　出于同样的原因，时任美国国防部副部长保罗&middot;沃尔福威茨1992年明白无误地阐明了美国的外交政策目标，完美解释了美国目前的侵略行为。美国外交和军事政策的&ldquo;首要目标&rdquo;是防止再次出现一个可能会对（美国的单边行动）构成与当年苏联的威胁旗鼓相当的新的对手，不管是在前苏联的地盘上或是在其他地方。这是新地区防务战略背后的主要考虑因素，要求美国努力防止任何&ldquo;敌对大国&rdquo;主宰一个其资源在严格控制后足以产生全球影响力的地区。</p>\r\n<p cms-style=\"font-L\" style=\"margin: 0px 0px 18px; padding: 0px; font-size: 18px; color: rgb(0, 0, 0); font-family: &quot;Hiragino Sans GB&quot;, &quot;Microsoft Yahei&quot;, &quot;\\\\5FAE软雅黑&quot;, SimSun, &quot;\\\\5B8B体&quot;, Arial; letter-spacing: 1px;\">\r\n	　　对各国政府的新冠病毒大流行公共卫生反应进行任何认真的比较科学调查，都将明显表明，中国对这种病毒的公共卫生应对没有失败之处。中国的危机管理是完美无瑕的。因此，<font cms-style=\"font-L color210\" style=\"color: rgb(23, 69, 115) !important;\"><font cms-style=\"font-L strong-Bold color210\" style=\"font-weight: 800 !important;\">按照所有逻辑标准，由美国、英国及其帝国主义媒体带头的西方宣传战中提出的&ldquo;指责&rdquo;和&ldquo;赔偿要求&rdquo;都是胡说八道。</font></font>或者说，这种推论缺乏逻辑。</p>\r\n<p cms-style=\"font-L\" style=\"margin: 0px 0px 18px; padding: 0px; font-size: 18px; color: rgb(0, 0, 0); font-family: &quot;Hiragino Sans GB&quot;, &quot;Microsoft Yahei&quot;, &quot;\\\\5FAE软雅黑&quot;, SimSun, &quot;\\\\5B8B体&quot;, Arial; letter-spacing: 1px;\">\r\n	　　从主要鼓吹者美国的死亡人数与人口之比，以及这一宣传受害者中国的相应死亡率中，这个事实不辩自明。在美国约3.2亿人口中，与新冠病毒有关的绝对死亡人数为60.1万（这一数据不太可靠）。如果华盛顿采纳了中国实施的公共卫生措施，那么美国今天新冠病毒死亡人数大概也就只有1200人左右。</p>\r\n<p cms-style=\"font-L\" style=\"margin: 0px 0px 18px; padding: 0px; font-size: 18px; color: rgb(0, 0, 0); font-family: &quot;Hiragino Sans GB&quot;, &quot;Microsoft Yahei&quot;, &quot;\\\\5FAE软雅黑&quot;, SimSun, &quot;\\\\5B8B体&quot;, Arial; letter-spacing: 1px;\">\r\n	　　因此，没有必要再来讨论在抗击这场大流行的过程中孰是孰非的问题，因为事实是清楚的。任何严肃的科学家都知道，客观真理源于事实。但在充斥着西方资产阶级政治和意识形态的后真相世界，公共政策的表述基本上不受事实影响，<font cms-style=\"font-L color210\" style=\"color: rgb(23, 69, 115) !important;\"><font cms-style=\"font-L strong-Bold color210\" style=\"font-weight: 800 !important;\">假新闻是一种重要的侵略武器。</font></font></p>\r\n<p cms-style=\"font-L\" style=\"margin: 0px 0px 18px; padding: 0px; font-size: 18px; color: rgb(0, 0, 0); font-family: &quot;Hiragino Sans GB&quot;, &quot;Microsoft Yahei&quot;, &quot;\\\\5FAE软雅黑&quot;, SimSun, &quot;\\\\5B8B体&quot;, Arial; letter-spacing: 1px;\">\r\n	　　制药行业，加上高科技和金融资本，是当今资本主义统治阶层的主要派别之一。这种力量自然而然地把生命科学学者和专家吸引到了制药巨头的一边。在资产阶级国家政府抗击疫情的表现中，这一点显而易见。事实上，时至今日，欧盟仍不允许使用&ldquo;卫星V&rdquo;新冠疫苗，尽管这款疫苗是最好买、最经济的疫苗之一。但资产阶级政客是公司利益的奴仆，今天的科研部门基本上掌握在大公司手中，穷人和被压迫者就是他们的剥削对象。</p>\r\n<p cms-style=\"font-L\" style=\"margin: 0px 0px 18px; padding: 0px; font-size: 18px; color: rgb(0, 0, 0); font-family: &quot;Hiragino Sans GB&quot;, &quot;Microsoft Yahei&quot;, &quot;\\\\5FAE软雅黑&quot;, SimSun, &quot;\\\\5B8B体&quot;, Arial; letter-spacing: 1px;\">\r\n	　　2019年12月新冠病毒出现时，政府和科学家都对其发病机理（原因和进化情况）知之甚少，无法阻止其传播。但仅仅6周后，中国的科学界和政府就制定了一项成功的公共卫生控制措施。</p>\r\n<p cms-style=\"font-L\" style=\"margin: 0px 0px 18px; padding: 0px; font-size: 18px; color: rgb(0, 0, 0); font-family: &quot;Hiragino Sans GB&quot;, &quot;Microsoft Yahei&quot;, &quot;\\\\5FAE软雅黑&quot;, SimSun, &quot;\\\\5B8B体&quot;, Arial; letter-spacing: 1px;\">\r\n	　　这一成就堪比科学微生物学创始人罗伯特&middot;科赫和路易&middot;巴斯德所作出的贡献。人们在这一成就的基础上总结出了一套抗病毒保护方法，这是一种全球范围内有效保护公共卫生和经济生产的范例，世界各国政府都可以利用。</p>\r\n<p cms-style=\"font-L\" style=\"margin: 0px 0px 18px; padding: 0px; font-size: 18px; color: rgb(0, 0, 0); font-family: &quot;Hiragino Sans GB&quot;, &quot;Microsoft Yahei&quot;, &quot;\\\\5FAE软雅黑&quot;, SimSun, &quot;\\\\5B8B体&quot;, Arial; letter-spacing: 1px;\">\r\n	　　让这一大流行病得以迅速控制的方法是：经常性大规模检测；接触者追踪；严格隔离；佩戴口罩和强制性社交距离；充足的医院后勤保障；提供真实和简单的信息以提高民众的认识；国家领导人的带头作用，必须身先士卒、协调国家努力、以身作则、向人民宣讲生存的必要纪律。这一方法的所有步骤都必须同时实施，以达到抗击病毒所需的协同作用。</p>\r\n<p cms-style=\"font-L\" style=\"margin: 0px 0px 18px; padding: 0px; font-size: 18px; color: rgb(0, 0, 0); font-family: &quot;Hiragino Sans GB&quot;, &quot;Microsoft Yahei&quot;, &quot;\\\\5FAE软雅黑&quot;, SimSun, &quot;\\\\5B8B体&quot;, Arial; letter-spacing: 1px;\">\r\n	　　在拜登的白宫指导下，两个最危险的国际组织七国集团（G7）和北约重新开始了对中国的危险攻击。</p>\r\n<div class=\"img_wrapper\" style=\"margin: 0px; padding: 0px; text-align: center; color: rgb(77, 79, 83); font-family: &quot;Hiragino Sans GB&quot;, &quot;Microsoft Yahei&quot;, &quot;\\\\5FAE软雅黑&quot;, SimSun, &quot;\\\\5B8B体&quot;, Arial; font-size: 18px; letter-spacing: 1px;\">\r\n	<img alt=\"▲6月14日，在比利时布鲁塞尔的北约总部，出席北约峰会的领导人参加合影仪式。新华社发\" data-link=\"\" src=\"https://n.sinaimg.cn/sinakd202176s/93/w1080h613/20210706/7d75-ksmehzs7620369.jpg\" style=\"margin: 0px auto; padding: 0px; border: 0px none; vertical-align: top; display: block; max-width: 640px;\" /><span class=\"img_descr\" style=\"margin: 5px auto; padding: 6px 0px; line-height: 20px; font-size: 16px; display: inline-block; zoom: 1; text-align: left; font-weight: 700;\">▲6月14日，在比利时布鲁塞尔的北约总部，出席北约峰会的领导人参加合影仪式。新华社发</span></div>\r\n<p cms-style=\"font-L\" style=\"margin: 0px 0px 18px; padding: 0px; font-size: 18px; color: rgb(0, 0, 0); font-family: &quot;Hiragino Sans GB&quot;, &quot;Microsoft Yahei&quot;, &quot;\\\\5FAE软雅黑&quot;, SimSun, &quot;\\\\5B8B体&quot;, Arial; letter-spacing: 1px;\">\r\n	　　中国已经在全世界范围内接种了最多的抗新冠病毒疫苗，而且是全球人均死亡病例最少的国家之一；中国今年将为全球GDP贡献约30%的增长；中国向许多国家和国际组织提供援助，以抗击新冠疫情。对这一切，西方都置若罔闻！</p>\r\n<p cms-style=\"font-L\" style=\"margin: 0px 0px 18px; padding: 0px; font-size: 18px; color: rgb(0, 0, 0); font-family: &quot;Hiragino Sans GB&quot;, &quot;Microsoft Yahei&quot;, &quot;\\\\5FAE软雅黑&quot;, SimSun, &quot;\\\\5B8B体&quot;, Arial; letter-spacing: 1px;\">\r\n	　　这些是中国国家和外交政策的事实。但是，<font cms-style=\"font-L color210\" style=\"color: rgb(23, 69, 115) !important;\"><font cms-style=\"font-L strong-Bold color210\" style=\"font-weight: 800 !important;\">众所周知，事实在宣传中没有地位，西方媒体基本上已经沦为帝国主义野心的工具，在全球攻击中国社会主义成功发展的攻势中，充当心理战代理人的角色。</font></font></p>', NULL, 'furfur', '2021-07-06 09:43:22', NULL);
INSERT INTO `news_detail` VALUES (29, 4, '创造历史！中国航天员出舱7小时完成了哪些重大任务', '[环球时报记者 刘扬 樊巍]7月4日，神舟十二号航天员乘组的两名航天员顺利完成出舱任务。', '<p cms-style=\"font-L\" style=\"margin: 0px 0px 18px; padding: 0px; font-size: 18px; color: rgb(0, 0, 0); font-family: &quot;Hiragino Sans GB&quot;, &quot;Microsoft Yahei&quot;, &quot;\\\\5FAE软雅黑&quot;, SimSun, &quot;\\\\5B8B体&quot;, Arial; letter-spacing: 1px;\">\r\n	[环球时报记者 刘扬 樊巍]7月4日，神舟十二号航天员乘组的两名航天员顺利完成出舱任务。这是自神舟七号任务翟志刚实现中国航天员首次出舱之后，时隔13年中国人再次实施出舱活动，也是中国空间站时代的首次航天员出舱。在这约7小时的时间里，中国航天员都完成了哪些重大任务，机械臂、舱外航天服等设备又是如何全力&ldquo;托举&rdquo;航天员本次出舱任务的呢？</p>\r\n<div class=\"img_wrapper\" style=\"margin: 0px; padding: 0px; text-align: center; color: rgb(77, 79, 83); font-family: &quot;Hiragino Sans GB&quot;, &quot;Microsoft Yahei&quot;, &quot;\\\\5FAE软雅黑&quot;, SimSun, &quot;\\\\5B8B体&quot;, Arial; font-size: 18px; letter-spacing: 1px;\">\r\n	<img alt=\"\" id=\"0\" src=\"https://n.sinaimg.cn/spider202175/245/w1181h664/20210705/ba7f-krwipas6631429.png\" style=\"margin: 0px auto; padding: 0px; border: 0px none; vertical-align: top; max-width: 640px; display: block;\" /></div>\r\n<div class=\"img_wrapper\" style=\"margin: 0px; padding: 0px; text-align: center; color: rgb(77, 79, 83); font-family: &quot;Hiragino Sans GB&quot;, &quot;Microsoft Yahei&quot;, &quot;\\\\5FAE软雅黑&quot;, SimSun, &quot;\\\\5B8B体&quot;, Arial; font-size: 18px; letter-spacing: 1px;\">\r\n	<img alt=\"\" id=\"1\" src=\"https://n.sinaimg.cn/spider202175/253/w1181h672/20210705/62ba-krwipas6631431.png\" style=\"margin: 0px auto; padding: 0px; border: 0px none; vertical-align: top; max-width: 640px; display: block;\" /></div>\r\n<p cms-style=\"font-L\" style=\"margin: 0px 0px 18px; padding: 0px; font-size: 18px; color: rgb(0, 0, 0); font-family: &quot;Hiragino Sans GB&quot;, &quot;Microsoft Yahei&quot;, &quot;\\\\5FAE软雅黑&quot;, SimSun, &quot;\\\\5B8B体&quot;, Arial; letter-spacing: 1px;\">\r\n	　　<font cms-style=\"font-L strong-Bold\" style=\"font-weight: 800 !important;\">空间站时代的首次出舱</font></p>\r\n<p cms-style=\"font-L\" style=\"margin: 0px 0px 18px; padding: 0px; font-size: 18px; color: rgb(0, 0, 0); font-family: &quot;Hiragino Sans GB&quot;, &quot;Microsoft Yahei&quot;, &quot;\\\\5FAE软雅黑&quot;, SimSun, &quot;\\\\5B8B体&quot;, Arial; letter-spacing: 1px;\">\r\n	　　&ldquo;哇，这外边太漂亮了！&rdquo;这是神舟十二号乘组航天员刘伯明在4日当天出舱后的一句感叹，而这句带有东北话味道的&ldquo;金句&rdquo;随着央视直播画面在互联网上刷屏。</p>\r\n<p cms-style=\"font-L\" style=\"margin: 0px 0px 18px; padding: 0px; font-size: 18px; color: rgb(0, 0, 0); font-family: &quot;Hiragino Sans GB&quot;, &quot;Microsoft Yahei&quot;, &quot;\\\\5FAE软雅黑&quot;, SimSun, &quot;\\\\5B8B体&quot;, Arial; letter-spacing: 1px;\">\r\n	　　《环球时报》记者4日一早就赶赴北京航天飞行控制中心采访本次出舱任务，当记者在大屏幕上看到航天员开启舱门的一刻，心中感慨万千：中国人等待这一刻，等了13年！上次实现中国航天员出舱活动的首次突破，还要回溯到2008年的神舟七号任务，当时中国航天员翟志刚完成历史性突破。</p>\r\n<p cms-style=\"font-L\" style=\"margin: 0px 0px 18px; padding: 0px; font-size: 18px; color: rgb(0, 0, 0); font-family: &quot;Hiragino Sans GB&quot;, &quot;Microsoft Yahei&quot;, &quot;\\\\5FAE软雅黑&quot;, SimSun, &quot;\\\\5B8B体&quot;, Arial; letter-spacing: 1px;\">\r\n	　　4日当天的这一组时刻注定是要被写进中国载人航天史与中国空间站发展史。北京时间2021年7月4日8时11分，航天员刘伯明成功开启天和核心舱节点舱出舱舱门，截至11时02分，航天员刘伯明、汤洪波身着中国自主研制的新一代&ldquo;飞天&rdquo;舱外航天服，已先后从天和核心舱节点舱成功出舱，并已完成在机械臂上安装脚限位器和舱外工作台等工作，之后又在机械臂支持下，相互配合开展空间站舱外有关设备组装等作业。北京时间12时09分，航天员刘伯明、汤洪波协同完成空间站舱外全景相机抬升操作。完成操作后，刘伯明把自己的头盔相机对准地球并解说：&ldquo;现在有白云朵朵，还有成片的，像海洋一样的画面。现在，跟随我的步伐，一起自由地飞翔吧。&rdquo;其间，在舱内的航天员聂海胜配合支持两名出舱航天员开展舱外操作。</p>\r\n<p cms-style=\"font-L\" style=\"margin: 0px 0px 18px; padding: 0px; font-size: 18px; color: rgb(0, 0, 0); font-family: &quot;Hiragino Sans GB&quot;, &quot;Microsoft Yahei&quot;, &quot;\\\\5FAE软雅黑&quot;, SimSun, &quot;\\\\5B8B体&quot;, Arial; letter-spacing: 1px;\">\r\n	　　据中国载人航天工程办公室消息，北京时间4日14时57分，经过约7小时的出舱活动，神舟十二号航天员乘组密切协同，圆满完成出舱活动期间全部既定任务，航天员刘伯明、汤洪波安全返回天和核心舱，标志着我国空间站阶段航天员首次出舱活动取得圆满成功。据了解，此次出舱活动，天地间大力协同、舱内外密切配合，圆满完成了舱外活动相关设备组装、全景相机抬升等任务，首次检验了我国新一代舱外航天服的功能性能，首次检验了航天员与机械臂协同工作的能力及出舱活动相关支持设备的可靠性与安全性，为空间站后续出舱活动的顺利实施奠定了重要基础。</p>\r\n<p cms-style=\"font-L\" style=\"margin: 0px 0px 18px; padding: 0px; font-size: 18px; color: rgb(0, 0, 0); font-family: &quot;Hiragino Sans GB&quot;, &quot;Microsoft Yahei&quot;, &quot;\\\\5FAE软雅黑&quot;, SimSun, &quot;\\\\5B8B体&quot;, Arial; letter-spacing: 1px;\">\r\n	　　《环球时报》记者获悉，神舟十二号航天员乘组自6月17日进驻天和核心舱以来，按计划开展了各项工作，目前3名航天员状态良好，后续在轨飞行期间还将进行一次出舱活动。</p>\r\n<p cms-style=\"font-L\" style=\"margin: 0px 0px 18px; padding: 0px; font-size: 18px; color: rgb(0, 0, 0); font-family: &quot;Hiragino Sans GB&quot;, &quot;Microsoft Yahei&quot;, &quot;\\\\5FAE软雅黑&quot;, SimSun, &quot;\\\\5B8B体&quot;, Arial; letter-spacing: 1px;\">\r\n	　　<font cms-style=\"font-L strong-Bold\" style=\"font-weight: 800 !important;\">机械臂如何成为航天员&ldquo;座驾&rdquo;</font></p>\r\n<p cms-style=\"font-L\" style=\"margin: 0px 0px 18px; padding: 0px; font-size: 18px; color: rgb(0, 0, 0); font-family: &quot;Hiragino Sans GB&quot;, &quot;Microsoft Yahei&quot;, &quot;\\\\5FAE软雅黑&quot;, SimSun, &quot;\\\\5B8B体&quot;, Arial; letter-spacing: 1px;\">\r\n	　　相比神舟七号的出舱方式，本次出舱任务中，空间站核心舱的机械臂首次托举航天员到指定位置，圆满完成出舱操作，因此它被媒体称为&ldquo;航天员座驾&rdquo;。这一目前同类航天产品中复杂度最高、规模最大、控制精度最高的空间智能机械系统到底如何深度参与到出舱任务的呢？</p>\r\n<p cms-style=\"font-L\" style=\"margin: 0px 0px 18px; padding: 0px; font-size: 18px; color: rgb(0, 0, 0); font-family: &quot;Hiragino Sans GB&quot;, &quot;Microsoft Yahei&quot;, &quot;\\\\5FAE软雅黑&quot;, SimSun, &quot;\\\\5B8B体&quot;, Arial; letter-spacing: 1px;\">\r\n	　　《环球时报》记者从空间站核心舱机械臂抓总研制单位&mdash;&mdash;航天科技集团五院了解到，核心舱机械臂展开长度为10.2米，最多能承载25吨的重量，是空间站任务中的&ldquo;大力士&rdquo;，主要承担舱段转位、航天员出舱活动、舱外货物搬运、舱外状态检查、舱外大型设备维护等八大类在轨任务。</p>\r\n<p cms-style=\"font-L\" style=\"margin: 0px 0px 18px; padding: 0px; font-size: 18px; color: rgb(0, 0, 0); font-family: &quot;Hiragino Sans GB&quot;, &quot;Microsoft Yahei&quot;, &quot;\\\\5FAE软雅黑&quot;, SimSun, &quot;\\\\5B8B体&quot;, Arial; letter-spacing: 1px;\">\r\n	　　据介绍，空间站核心舱机械臂是我国首个可长期在太空轨道运行的机械臂，肩部设置了三个关节、肘部设置了一个关节、腕部设置了三个关节，一共七个关节，每个关节对应一个自由度，就如同人的手臂一般能自由活动。通过各个关节的旋转，它能实现自身前后左右任意角度与位置的抓取和操作，为航天员出舱顺利开展出舱任务提供强有力的保证。为扩大任务触及范围，空间站核心舱机械臂还具备&ldquo;爬行&rdquo;功能。据介绍，机械臂通过末端执行器与目标适配器对接与分离，同时配合各关节的联合运动，从而实现在舱体上的爬行转移。</p>\r\n<p cms-style=\"font-L\" style=\"margin: 0px 0px 18px; padding: 0px; font-size: 18px; color: rgb(0, 0, 0); font-family: &quot;Hiragino Sans GB&quot;, &quot;Microsoft Yahei&quot;, &quot;\\\\5FAE软雅黑&quot;, SimSun, &quot;\\\\5B8B体&quot;, Arial; letter-spacing: 1px;\">\r\n	　　在这次的舱外行走中，机械臂又是如何发挥&ldquo;座驾&rdquo;作用呢？航天科技集团五院空间站系统总体副主任设计师汤溢介绍说，在舱外时，航天员处于失重状态，再加上舱外航天服的加压，活动起来十分不便。机械臂可以让航天员免去攀爬环节，为航天员节省最大体力。&ldquo;最重要的是释放了双手，让航天员能干更加有意义的事儿。&rdquo;五院空间站系统副总师侯永青介绍：&ldquo;我们做了一个叫脚限位器的，有点像咱们滑雪用的滑板。把它装在机械臂上，人站在上面，通过机械臂的爬行到指定位置。&rdquo;汤溢还透露：&ldquo;脚限位器可以通过踮脚、左右脚用力实现前后、左右倾斜。&rdquo;</p>\r\n<p cms-style=\"font-L\" style=\"margin: 0px 0px 18px; padding: 0px; font-size: 18px; color: rgb(0, 0, 0); font-family: &quot;Hiragino Sans GB&quot;, &quot;Microsoft Yahei&quot;, &quot;\\\\5FAE软雅黑&quot;, SimSun, &quot;\\\\5B8B体&quot;, Arial; letter-spacing: 1px;\">\r\n	　　据《环球时报》记者了解，空间站机械臂是我国航天事业发展的新领域之一，研制单位在关键技术、原材料选用、制造工艺、适应空间站环境的长寿命设计等方面均作出了巨大的突破和创新。中国由此成为世界上第三个掌握大型空间机械臂核心技术并应用的国家，全部核心部件实现国产化，并形成多项国家空间机器人行业标准，引领空间智能装备的中国制造之路。</p>\r\n<p cms-style=\"font-L\" style=\"margin: 0px 0px 18px; padding: 0px; font-size: 18px; color: rgb(0, 0, 0); font-family: &quot;Hiragino Sans GB&quot;, &quot;Microsoft Yahei&quot;, &quot;\\\\5FAE软雅黑&quot;, SimSun, &quot;\\\\5B8B体&quot;, Arial; letter-spacing: 1px;\">\r\n	　　<font cms-style=\"font-L strong-Bold\" style=\"font-weight: 800 !important;\">&ldquo;飞天&rdquo;舱外航天服如何护佑航天员</font></p>\r\n<p cms-style=\"font-L\" style=\"margin: 0px 0px 18px; padding: 0px; font-size: 18px; color: rgb(0, 0, 0); font-family: &quot;Hiragino Sans GB&quot;, &quot;Microsoft Yahei&quot;, &quot;\\\\5FAE软雅黑&quot;, SimSun, &quot;\\\\5B8B体&quot;, Arial; letter-spacing: 1px;\">\r\n	　　本次出舱任务中的舱外航天服备受外界关注。就以首先出舱的刘伯明为例，他穿着中国&ldquo;飞天&rdquo;舱外航天服在舱外工作了数小时，一定程度上体现该舱外航天服的性能。</p>\r\n<p cms-style=\"font-L\" style=\"margin: 0px 0px 18px; padding: 0px; font-size: 18px; color: rgb(0, 0, 0); font-family: &quot;Hiragino Sans GB&quot;, &quot;Microsoft Yahei&quot;, &quot;\\\\5FAE软雅黑&quot;, SimSun, &quot;\\\\5B8B体&quot;, Arial; letter-spacing: 1px;\">\r\n	　　据介绍，舱外航天服是一种微型载人航天器，既能满足航天员生命保障需求，又能实现舱外移动。此次用来执行出舱任务的舱外航天服高2米左右，科技含量比以前更高、关节更灵活、支持出舱时间也更久&mdash;&mdash;从以前的4小时增加到8小时。航天服头盔上配有摄像机，可以全程记录航天员舱外操作过程。对比视频画面，可以发现与13年前出舱的神舟七号航天员有明显不同&mdash;&mdash;此次出舱，航天员与舱体之间不再有电脐带连接。这是因为舱外航天服已实现供氧和温度、压力控制，减轻了航天员舱外活动的负担，使其活动范围更广、更灵活。</p>\r\n<p cms-style=\"font-L\" style=\"margin: 0px 0px 18px; padding: 0px; font-size: 18px; color: rgb(0, 0, 0); font-family: &quot;Hiragino Sans GB&quot;, &quot;Microsoft Yahei&quot;, &quot;\\\\5FAE软雅黑&quot;, SimSun, &quot;\\\\5B8B体&quot;, Arial; letter-spacing: 1px;\">\r\n	<br />\r\n	　　另据专家介绍，身着舱外航天服的航天员还可以在出舱时使用核心舱内的WiFi。航天员在进驻核心舱第二天，就已建立起舱上WiFi环境。据航天科技集团五院空间站系统总体副主任设计师汤溢介绍，以空间站为中心，半径40米范围内的周边都可以共享&ldquo;天和&rdquo;网络。因此，舱外航天员的视频画面、话音通话、生理参数等数据都可以实时传输到舱内和地面，并且减少了有线设备的烦琐，使航天员活动更加灵活。　　相比实现我国航天员首次太空出舱任务的神舟七号任务，空间站任务中舱外服性能又有哪些改进呢？中国航天员科研训练中心航天服工程研究室主任、载人航天工程航天员系统副总设计师张万欣介绍，针对空间站任务出舱活动需求，这次任务使用的舱外服在&ldquo;神七&rdquo;舱外服研制的基础上，进行了三方面重要改进：一是改变了结构布局设计，二是提高了服装的寿命，三是提高了人服能力。总之，目前的空间站舱外航天服较第一代相比，具有使用时间更长、安全可靠性更高、机动灵活性更好、测试维修性更强的特点。</p>', NULL, 'adin', '2021-07-06 12:12:10', NULL);
INSERT INTO `news_detail` VALUES (30, 3, '北京国际电影节官宣：巩俐担任天坛奖评委会主席', '巩俐担任天坛奖评委会主席', '<div class=\"img_wrapper\" style=\"text-align: center; color: rgb(77, 79, 83); font-family: &quot;Hiragino Sans GB&quot;, &quot;Microsoft Yahei&quot;, 微软雅黑, SimSun, 宋体, Arial; font-size: 18px; letter-spacing: 1px;\">\r\n	<img alt=\"巩俐担任第11届北京电影节天坛奖评委会主席\" src=\"https://n.sinaimg.cn/ent/transform/727/w550h977/20210706/e3bf-ksmehzs7418666.jpg\" style=\"color: rgb(34, 34, 34); font-family: Arial, Verdana, sans-serif; font-size: 12px;\" /></div>\r\n<div class=\"img_wrapper\" style=\"text-align: center; color: rgb(77, 79, 83); font-family: &quot;Hiragino Sans GB&quot;, &quot;Microsoft Yahei&quot;, 微软雅黑, SimSun, 宋体, Arial; font-size: 18px; letter-spacing: 1px;\">\r\n	<span class=\"img_descr\" style=\"line-height: 20px; padding: 6px 0px; font-size: 16px; margin: 5px auto; display: inline-block; zoom: 1; text-align: left; font-weight: bold;\">巩俐担任第11届北京电影节天坛奖评委会主席</span></div>\r\n<p style=\"margin: 0px 0px 30px; padding: 0px; text-size-adjust: 100%; color: rgb(77, 79, 83); font-family: &quot;Hiragino Sans GB&quot;, &quot;Microsoft Yahei&quot;, 微软雅黑, SimSun, 宋体, Arial; font-size: 18px; letter-spacing: 1px;\">\r\n	<br />\r\n	　　此前多届北京国际电影节天坛奖曾由王家卫、吴宇森、吕克&middot;贝松、比利&middot;奥古斯特、罗伯&middot;明可夫等海内外重量级电影人担任评委会主席，巩俐也是北影节天坛奖首位女性评委主席。　　新浪娱乐讯 据北京电影节官方消息，第11届北京国际电影节将由著名电影人巩俐担任天坛奖评委会主席。</p>\r\n<p style=\"margin: 0px 0px 30px; padding: 0px; text-size-adjust: 100%; color: rgb(77, 79, 83); font-family: &quot;Hiragino Sans GB&quot;, &quot;Microsoft Yahei&quot;, 微软雅黑, SimSun, 宋体, Arial; font-size: 18px; letter-spacing: 1px;\">\r\n	　　2021年第11届北影节将于8月14日至21日举办。</p>\r\n<div>\r\n	&nbsp;</div>', NULL, 'furfur', '2021-07-06 09:12:02', NULL);
INSERT INTO `news_detail` VALUES (31, 5, '央行：加大对中小微企业信贷投放', '《关于深入开展中小微企业金融服务能力提升工程的通知》', '<p style=\"margin: 0px 0px 30px; padding: 0px; text-size-adjust: 100%; color: rgb(77, 79, 83); font-family: &quot;Microsoft Yahei&quot;, 微软雅黑, &quot;STHeiti Light&quot;, 华文细黑, SimSun, 宋体, Arial, sans-serif; font-size: 18px; letter-spacing: 1px;\">\r\n	为进一步提升银行业金融机构中小微企业（含个体工商户）金融服务能力，强化&ldquo;敢贷、愿贷、能贷、会贷&rdquo;长效机制建设，人民银行7月5日发布《关于深入开展中小微企业金融服务能力提升工程的通知》，从大力推动中小微企业融资增量扩面提质增效、持续优化银行内部政策安排、充分运用科技手段、切实提升贷款定价能力、着力完善融资服务和配套机制等方面，对提升中小微企业金融服务能力提出具体要求。</p>\r\n<p style=\"margin: 0px 0px 30px; padding: 0px; text-size-adjust: 100%; color: rgb(77, 79, 83); font-family: &quot;Microsoft Yahei&quot;, 微软雅黑, &quot;STHeiti Light&quot;, 华文细黑, SimSun, 宋体, Arial, sans-serif; font-size: 18px; letter-spacing: 1px;\">\r\n	　　《通知》要求，加大对中小微企业的信贷投放，优化对个体工商户的信贷产品服务，扩大普惠金融服务覆盖面。银行业金融机构要加大普惠金融科技投入，创新特色信贷产品，开发并持续完善无还本续贷、随借随还等贷款产品，提升用款便利度，降低中小微企业融资的综合财务成本。依托人民银行征信中心应收账款融资服务平台，为供应链上下游中小微企业提供融资支持。</p>\r\n<p style=\"margin: 0px 0px 30px; padding: 0px; text-size-adjust: 100%; color: rgb(77, 79, 83); font-family: &quot;Microsoft Yahei&quot;, 微软雅黑, &quot;STHeiti Light&quot;, 华文细黑, SimSun, 宋体, Arial, sans-serif; font-size: 18px; letter-spacing: 1px;\">\r\n	　　为持续优化银行内部激励机制安排，《通知》鼓励银行业金融机构加大对分支机构普惠小微贷款的考核比重。强化差异化考核，对服务小微企业成效显著的分支机构，在绩效考评、资源分配中予以倾斜，并适当下放授信审批权限；对服务小微企业工作不力的，要在考核中予以体现并督促整改。进一步提高小微信贷从业人员免责比例，适当提高不良贷款容忍度，鼓励建立正面清单和负面清单，明确界定基层员工操作规范，免除小微信贷从业人员的后顾之忧。</p>\r\n<p style=\"margin: 0px 0px 30px; padding: 0px; text-size-adjust: 100%; color: rgb(77, 79, 83); font-family: &quot;Microsoft Yahei&quot;, 微软雅黑, &quot;STHeiti Light&quot;, 华文细黑, SimSun, 宋体, Arial, sans-serif; font-size: 18px; letter-spacing: 1px;\">\r\n	　　《通知》强调，各银行业金融机构要将贷款市场报价利率内嵌到内部定价和传导相关环节，提升贷款差异化、精细化定价水平，强化负债成本管控能力。其中，要求人民银行各分支机构要加强存款利率监管，充分发挥市场利率定价自律机制作用，引导银行业金融机构合理确定存款利率，稳定负债成本。加强对互联网平台存款和异地存款的管理，依法从严处理高息揽储等违规行为，推动降低中小银行业金融机构负债成本。</p>\r\n<p style=\"margin: 0px 0px 30px; padding: 0px; text-size-adjust: 100%; color: rgb(77, 79, 83); font-family: &quot;Microsoft Yahei&quot;, 微软雅黑, &quot;STHeiti Light&quot;, 华文细黑, SimSun, 宋体, Arial, sans-serif; font-size: 18px; letter-spacing: 1px;\">\r\n	　　此外，为强化监管部门的保障措施，《通知》明确，人民银行各分支机构要认真开展小微企业信贷政策导向效果评估，强化评估结果运用，督促银行业金融机构改进完善中小微企业金融服务；要在前期开展中小微企业融资环境评价试点的基础上，进一步优化融资环境评价体系。重点关注银行业金融机构内部资源配置、完善考核评价、尽职免责落实、首贷户拓展、随借随还产品创新等，以及地方政府中小微企业信用信息共享机制、融资担保和风险补偿机制以及不动产、知识产权和应收账款登记评估建设等，推动地方营造良好融资环境。</p>', NULL, 'furfur', '2021-07-06 12:12:08', NULL);
INSERT INTO `news_detail` VALUES (32, 5, '苏宁易购混改方案落地：深圳国资弃权 这些巨头联手入局', '接盘方背后都是“行业龙头”', '<p cms-style=\"font-L\" style=\"margin: 0px 0px 30px; padding: 0px; text-size-adjust: 100%; font-size: 18px; color: rgb(0, 0, 0); font-family: &quot;Microsoft Yahei&quot;, 微软雅黑, &quot;STHeiti Light&quot;, 华文细黑, SimSun, 宋体, Arial, sans-serif; letter-spacing: 1px;\">\r\n	苏宁易购（002024）7月5日晚间公告，公司控股股东、实控人张近东及其一致行动人苏宁控股集团，公司持股5%以上股东苏宁电器集团，西藏信托（以下合称&ldquo;转让方&rdquo;）拟将所持公司合计数量占公司总股本16.96%的股份转让给新新零售基金二期。转让完成后，公司将处于无控股股东、无实控人状态。新新零售基金二期系由南京新兴零售发展基金、华泰资管、阿里巴巴以及海尔、美的、TCL、小米等产业投资人作为有限合伙人出资组建的联合体。</p>\r\n<p cms-style=\"font-L\" style=\"margin: 0px 0px 30px; padding: 0px; text-size-adjust: 100%; font-size: 18px; color: rgb(0, 0, 0); font-family: &quot;Microsoft Yahei&quot;, 微软雅黑, &quot;STHeiti Light&quot;, 华文细黑, SimSun, 宋体, Arial, sans-serif; letter-spacing: 1px;\">\r\n	　　稍早之前，深圳国际（00152.HK）也在晚间发布公告，宣布因与苏宁易购股东方未能就商务合作条件达成最终协议，最终决定终止潜在收购事项。</p>\r\n<p cms-style=\"font-L\" style=\"margin: 0px 0px 30px; padding: 0px; text-size-adjust: 100%; font-size: 18px; color: rgb(0, 0, 0); font-family: &quot;Microsoft Yahei&quot;, 微软雅黑, &quot;STHeiti Light&quot;, 华文细黑, SimSun, 宋体, Arial, sans-serif; letter-spacing: 1px;\">\r\n	　　与此同时，公司宣布终止此前筹划的发行股份购买资产事宜，公司股票将于7月6日开市起复牌。</p>\r\n<p cms-style=\"font-L\" style=\"margin: 0px 0px 30px; padding: 0px; text-size-adjust: 100%; font-size: 18px; color: rgb(0, 0, 0); font-family: &quot;Microsoft Yahei&quot;, 微软雅黑, &quot;STHeiti Light&quot;, 华文细黑, SimSun, 宋体, Arial, sans-serif; letter-spacing: 1px;\">\r\n	　　接盘方背后都是&ldquo;行业龙头&rdquo;</p>\r\n<p cms-style=\"font-L\" style=\"margin: 0px 0px 30px; padding: 0px; text-size-adjust: 100%; font-size: 18px; color: rgb(0, 0, 0); font-family: &quot;Microsoft Yahei&quot;, 微软雅黑, &quot;STHeiti Light&quot;, 华文细黑, SimSun, 宋体, Arial, sans-serif; letter-spacing: 1px;\">\r\n	　　苏宁易购披露的公告显示，张近东、苏宁控股集团、苏宁电器集团、西藏信托分别将所持公司3.12亿股（占上市公司总股本的3.35%）、1.16亿股（占上市公司总股本的1.25%）、8.64亿股（占上市公司总股本的9.29%）、2.86亿股股份（占上市公司总股本的3.07%）转让给新新零售基金二期。股份转让价格均为人民币5.59元/股。</p>\r\n<div class=\"img_wrapper\" style=\"text-align: center; color: rgb(77, 79, 83); font-family: &quot;Microsoft Yahei&quot;, 微软雅黑, &quot;STHeiti Light&quot;, 华文细黑, SimSun, 宋体, Arial, sans-serif; font-size: 18px; letter-spacing: 1px;\">\r\n	<img alt=\"\" id=\"0\" src=\"https://n.sinaimg.cn/spider202176/155/w582h373/20210706/d1c3-ksmehzs7133872.png\" style=\"border: 0px; vertical-align: middle; display: block; margin: 0px auto; max-width: 640px;\" /></div>\r\n<p cms-style=\"font-L\" style=\"margin: 0px 0px 30px; padding: 0px; text-size-adjust: 100%; font-size: 18px; color: rgb(0, 0, 0); font-family: &quot;Microsoft Yahei&quot;, 微软雅黑, &quot;STHeiti Light&quot;, 华文细黑, SimSun, 宋体, Arial, sans-serif; letter-spacing: 1px;\">\r\n	　　值得关注的是，新新零售基金二期系由南京新兴零售发展基金（有限合伙）（以下简称&ldquo;南京新兴零售发展基金&rdquo;），<span id=\"stock_sh601688\"><a class=\"keyword\" data-sudaclick=\"content_marketkeywords_p\" href=\"https://finance.sina.com.cn/realstock/company/sh601688/nc.shtml\" style=\"color: rgb(55, 83, 162); outline: 0px; -webkit-tap-highlight-color: transparent; text-decoration-line: none;\" target=\"_blank\">华泰证券</a></span><span id=\"quote_sh601688\">(<font color=\"red\">15.490</font>,&nbsp;<font color=\"red\">0.01</font>,&nbsp;<font color=\"red\">0.06%</font>)</span>（上海）资产管理有限公司（以下简称&ldquo;华泰资管&rdquo;），杭州阿里妈妈软件服务有限公司（以下简称&ldquo;阿里巴巴&rdquo;），以及重庆海尔家电销售有限公司（以下简称&ldquo;海尔&rdquo;）、<span id=\"stock_sz000333\"><a class=\"keyword\" data-sudaclick=\"content_marketkeywords_p\" href=\"https://finance.sina.com.cn/realstock/company/sz000333/nc.shtml\" style=\"color: rgb(55, 83, 162); outline: 0px; -webkit-tap-highlight-color: transparent; text-decoration-line: none;\" target=\"_blank\">美的集团</a></span><span id=\"quote_sz000333\">(<font color=\"red\">68.770</font>,&nbsp;<font color=\"red\">0.57</font>,&nbsp;<font color=\"red\">0.84%</font>)</span>股份有限公司（以下简称&ldquo;美的&rdquo;）、TCL实业控股股份有限公司（以下简称&ldquo;TCL&rdquo;）、小米科技（武汉）有限公司（以下简称&ldquo;小米&rdquo;）等产业投资人作为有限合伙人出资组建的联合体，普通合伙人暨执行事务合伙人为海南吉力达投资有限责任公司（以下简称&ldquo;吉力达投资&rdquo;）。</p>\r\n<div class=\"img_wrapper\" style=\"text-align: center; color: rgb(77, 79, 83); font-family: &quot;Microsoft Yahei&quot;, 微软雅黑, &quot;STHeiti Light&quot;, 华文细黑, SimSun, 宋体, Arial, sans-serif; font-size: 18px; letter-spacing: 1px;\">\r\n	<img alt=\"\" id=\"1\" src=\"https://n.sinaimg.cn/spider202176/196/w722h274/20210706/b97d-ksmehzs7133882.png\" style=\"border: 0px; vertical-align: middle; display: block; margin: 0px auto; max-width: 640px;\" /></div>\r\n<p cms-style=\"font-L\" style=\"margin: 0px 0px 30px; padding: 0px; text-size-adjust: 100%; font-size: 18px; color: rgb(0, 0, 0); font-family: &quot;Microsoft Yahei&quot;, 微软雅黑, &quot;STHeiti Light&quot;, 华文细黑, SimSun, 宋体, Arial, sans-serif; letter-spacing: 1px;\">\r\n	　　新新零售基金二期和淘宝中国啥关系？</p>\r\n<p cms-style=\"font-L\" style=\"margin: 0px 0px 30px; padding: 0px; text-size-adjust: 100%; font-size: 18px; color: rgb(0, 0, 0); font-family: &quot;Microsoft Yahei&quot;, 微软雅黑, &quot;STHeiti Light&quot;, 华文细黑, SimSun, 宋体, Arial, sans-serif; letter-spacing: 1px;\">\r\n	　　苏宁易购方面强调称，本次股份转让完成后，上市公司将处于无控股股东、无实际控制人状态。具体来看，本次股份转让后，公司5%以上股东中，张近东先生及其一致行动人苏宁控股集团合计持股20.35%；淘宝中国持股19.99%，新新零售基金二期持股16.96%，江苏新新零售创新基金持股5.59%。</p>\r\n<p cms-style=\"font-L\" style=\"margin: 0px 0px 30px; padding: 0px; text-size-adjust: 100%; font-size: 18px; color: rgb(0, 0, 0); font-family: &quot;Microsoft Yahei&quot;, 微软雅黑, &quot;STHeiti Light&quot;, 华文细黑, SimSun, 宋体, Arial, sans-serif; letter-spacing: 1px;\">\r\n	　　苏宁易购强调称，结合本次股份转让后公司的股权结构、各持股5%以上股东的持股比例及受让方新新零售基金二期合伙协议约定的重大事项决策机制，公司前三大股东张近东先生及其一致行动人苏宁控股集团、淘宝中国、新新零售基金二期股东的持股比例均衡，不存在单一股东实际支配公司股份表决权足以对公司股东大会决议产生重大影响的情形。</p>\r\n<p cms-style=\"font-L\" style=\"margin: 0px 0px 30px; padding: 0px; text-size-adjust: 100%; font-size: 18px; color: rgb(0, 0, 0); font-family: &quot;Microsoft Yahei&quot;, 微软雅黑, &quot;STHeiti Light&quot;, 华文细黑, SimSun, 宋体, Arial, sans-serif; letter-spacing: 1px;\">\r\n	　　在这其中，新新零售基金二期与江苏新新零售创新基金是怎样的关系？</p>\r\n<p cms-style=\"font-L\" style=\"margin: 0px 0px 30px; padding: 0px; text-size-adjust: 100%; font-size: 18px; color: rgb(0, 0, 0); font-family: &quot;Microsoft Yahei&quot;, 微软雅黑, &quot;STHeiti Light&quot;, 华文细黑, SimSun, 宋体, Arial, sans-serif; letter-spacing: 1px;\">\r\n	　　苏宁易购在公告中解释称，新新零售基金二期与江苏新新零售创新基金各自依照其合伙协议独立经营决策，双方执行事务合伙人不同，不存在股权控制关系、同受同一主体控制的情形或一方通过其控制的企业能够对另一方的经营决策产生重大影响的情形，主要负责人亦不存在交叉任职，因而不存在构成一致行动的情形。拥有的节日。</p>\r\n<p cms-style=\"font-L\" style=\"margin: 0px 0px 30px; padding: 0px; text-size-adjust: 100%; font-size: 18px; color: rgb(0, 0, 0); font-family: &quot;Microsoft Yahei&quot;, 微软雅黑, &quot;STHeiti Light&quot;, 华文细黑, SimSun, 宋体, Arial, sans-serif; letter-spacing: 1px;\">\r\n	　　新新零售基金二期与淘宝中国的关系同样引人关注。</p>\r\n<p cms-style=\"font-L\" style=\"margin: 0px 0px 30px; padding: 0px; text-size-adjust: 100%; font-size: 18px; color: rgb(0, 0, 0); font-family: &quot;Microsoft Yahei&quot;, 微软雅黑, &quot;STHeiti Light&quot;, 华文细黑, SimSun, 宋体, Arial, sans-serif; letter-spacing: 1px;\">\r\n	　　苏宁易购公告称，新新零售基金二期和淘宝中国不存在一致行动关系。截至公告披露日，淘宝中国未与新新零售基金二期签署任何协议或作出任何安排，以共同扩大淘宝中国或新新零售基金二期所能够支配的上市公司的股份表决权数量。</p>\r\n<p cms-style=\"font-L\" style=\"margin: 0px 0px 30px; padding: 0px; text-size-adjust: 100%; font-size: 18px; color: rgb(0, 0, 0); font-family: &quot;Microsoft Yahei&quot;, 微软雅黑, &quot;STHeiti Light&quot;, 华文细黑, SimSun, 宋体, Arial, sans-serif; letter-spacing: 1px;\">\r\n	　　苏宁易购同时表示，新新零售基金二期与淘宝中国投资上市公司的目的、形式不同，未来投资决策也可能不同，双方不存在一致行动的意图。其中，淘宝中国于2016年通过认购上市公司非公开发行的股票对上市公司进行投资，自2016年至今长期持有上市公司的股票，为上市公司的战略投资者。而新新零售基金二期系由南京新兴零售发展基金（有限合伙），华泰资管，阿里巴巴，以及海尔、美的、TCL、小米等产业投资人作为有限合伙人出资组建的联合体。新新零售基金二期的成立及本次交易，短期目的在于促进苏宁易购稳定经营，稳定企业融资环境，长期着力于加强产业协同和资源赋能，促进公司平稳健康发展。</p>\r\n<p cms-style=\"font-L\" style=\"margin: 0px 0px 30px; padding: 0px; text-size-adjust: 100%; font-size: 18px; color: rgb(0, 0, 0); font-family: &quot;Microsoft Yahei&quot;, 微软雅黑, &quot;STHeiti Light&quot;, 华文细黑, SimSun, 宋体, Arial, sans-serif; letter-spacing: 1px;\">\r\n	　　公告显示，淘宝中国与新新零售基金二期将基于各自的投资目的独立行使表决权，不构成一致行动的情形。</p>\r\n<p cms-style=\"font-L\" style=\"margin: 0px 0px 30px; padding: 0px; text-size-adjust: 100%; font-size: 18px; color: rgb(0, 0, 0); font-family: &quot;Microsoft Yahei&quot;, 微软雅黑, &quot;STHeiti Light&quot;, 华文细黑, SimSun, 宋体, Arial, sans-serif; letter-spacing: 1px;\">\r\n	　　这次股权转让对苏宁有怎样的影响？</p>\r\n<p cms-style=\"font-L\" style=\"margin: 0px 0px 30px; padding: 0px; text-size-adjust: 100%; font-size: 18px; color: rgb(0, 0, 0); font-family: &quot;Microsoft Yahei&quot;, 微软雅黑, &quot;STHeiti Light&quot;, 华文细黑, SimSun, 宋体, Arial, sans-serif; letter-spacing: 1px;\">\r\n	　　谈及本次股权转让对公司业务发展的影响，苏宁易购方面表示，此次股份转让将助力苏宁易购稳定经营，并营造良好有序的外部环境，实现持续健康发展。</p>\r\n<p cms-style=\"font-L\" style=\"margin: 0px 0px 30px; padding: 0px; text-size-adjust: 100%; font-size: 18px; color: rgb(0, 0, 0); font-family: &quot;Microsoft Yahei&quot;, 微软雅黑, &quot;STHeiti Light&quot;, 华文细黑, SimSun, 宋体, Arial, sans-serif; letter-spacing: 1px;\">\r\n	　　1． 新新零售基金二期由江苏省、南京市国资联合各方参与，遵循市场化、法制化原则，履行属地责任，积极支持苏宁易购平稳健康发展。</p>\r\n<p cms-style=\"font-L\" style=\"margin: 0px 0px 30px; padding: 0px; text-size-adjust: 100%; font-size: 18px; color: rgb(0, 0, 0); font-family: &quot;Microsoft Yahei&quot;, 微软雅黑, &quot;STHeiti Light&quot;, 华文细黑, SimSun, 宋体, Arial, sans-serif; letter-spacing: 1px;\">\r\n	　　2． 本次股份转让新引入的股东新新零售基金二期，出资人结构多元、优势互补，各方将积极推动苏宁易购进一步完善治理结构，提升上市公司科学决策能力，全面提升经营管理水平，建立更为科学的激励体系，助推向&ldquo;零售服务商&rdquo;转型的落地，提高上市公司资产和业务运营效率，推动公司长期战略的实施。本次股份转让有利于上市公司进一步整合优质资产和优质业务，与国有资本、产业资本实现资源互补、合作共赢。其中，国资的参与将为苏宁易购平稳健康发展奠定坚实基础，阿里巴巴及海尔、美的、TCL、小米等产业投资人与苏宁易购将发挥紧密的协同效应，在用户、技术、服务、供应链、仓储物流等领域持续深化合作。</p>\r\n<p cms-style=\"font-L\" style=\"margin: 0px 0px 30px; padding: 0px; text-size-adjust: 100%; font-size: 18px; color: rgb(0, 0, 0); font-family: &quot;Microsoft Yahei&quot;, 微软雅黑, &quot;STHeiti Light&quot;, 华文细黑, SimSun, 宋体, Arial, sans-serif; letter-spacing: 1px;\">\r\n	　　3． 进一步增强苏宁易购的流动性对更好落实上述业务发展规划至关重要。江苏省、南京市人民政府将充分发挥联合授信机制的积极效应，为苏宁易购提供紧急授信，并根据业务发展需要及时、足额恢复授信至正常经营时的合理水平，促进企业经营活动恢复良性循环。</p>\r\n<p cms-style=\"font-L\" style=\"margin: 0px 0px 30px; padding: 0px; text-size-adjust: 100%; font-size: 18px; color: rgb(0, 0, 0); font-family: &quot;Microsoft Yahei&quot;, 微软雅黑, &quot;STHeiti Light&quot;, 华文细黑, SimSun, 宋体, Arial, sans-serif; letter-spacing: 1px;\">\r\n	　　深圳国际终止入股苏宁易购</p>\r\n<p cms-style=\"font-L\" style=\"margin: 0px 0px 30px; padding: 0px; text-size-adjust: 100%; font-size: 18px; color: rgb(0, 0, 0); font-family: &quot;Microsoft Yahei&quot;, 微软雅黑, &quot;STHeiti Light&quot;, 华文细黑, SimSun, 宋体, Arial, sans-serif; letter-spacing: 1px;\">\r\n	　　就在7月5日晚间，深圳国际（00152.HK）也发布公告称，与苏宁易购股东方未能就商务合作条件达成最终协议，经综合考虑各方面因素并通过审慎分析论证后决定终止进行潜在收购事项，但双方将继续探索物流业务领域合作的机会。深圳国际表示，终止进行潜在收购将不会对其现有的业务或财务状况等构成任何重大影响。</p>\r\n<p cms-style=\"font-L\" style=\"margin: 0px 0px 30px; padding: 0px; text-size-adjust: 100%; font-size: 18px; color: rgb(0, 0, 0); font-family: &quot;Microsoft Yahei&quot;, 微软雅黑, &quot;STHeiti Light&quot;, 华文细黑, SimSun, 宋体, Arial, sans-serif; letter-spacing: 1px;\">\r\n	　　这笔曾经高度牵动市场神经的潜在收购交易事项，终于以深圳国资主动弃权的结果落下大幕。</p>\r\n<p cms-style=\"font-L\" style=\"margin: 0px 0px 30px; padding: 0px; text-size-adjust: 100%; font-size: 18px; color: rgb(0, 0, 0); font-family: &quot;Microsoft Yahei&quot;, 微软雅黑, &quot;STHeiti Light&quot;, 华文细黑, SimSun, 宋体, Arial, sans-serif; letter-spacing: 1px;\">\r\n	　　对此，槃生资本CEO、中大咨询高级合伙人唐梦接受记者采访时表示，在2月28日的公告中，双方对业务协同前景有相对乐观的描述，但众所周知，一般涉及业务形态相对比较复杂企业的股权收购流程也会比较复杂，并不会因为愿望、初心很美好，就忽视其中对投资落地的严谨性和可行性判断。</p>\r\n<p cms-style=\"font-L\" style=\"margin: 0px 0px 30px; padding: 0px; text-size-adjust: 100%; font-size: 18px; color: rgb(0, 0, 0); font-family: &quot;Microsoft Yahei&quot;, 微软雅黑, &quot;STHeiti Light&quot;, 华文细黑, SimSun, 宋体, Arial, sans-serif; letter-spacing: 1px;\">\r\n	　　就其所了解的情况来看，双方签署框架协议之后，深圳国际与鲲鹏资本就组织了汇集行业、财务、税务、法律、人力资源、法人治理等各类专业人士的庞大尽调队伍进驻苏宁开展全面尽调，各方也曾就后续合作进行积极的沟通，但随着情况的演变，签订框架协议时的市场先决条件也发生了有目共睹的变化。最终未能达成交易，是综合考量了尽调结果、市场实际情况和股东、投资人利益等多方面因素而作出的合理决定，与深圳国际一贯以来重视股东利益的承诺和实际表现都是一致的，也与其一贯的稳健经营风格相符。</p>\r\n<p cms-style=\"font-L\" style=\"margin: 0px 0px 30px; padding: 0px; text-size-adjust: 100%; font-size: 18px; color: rgb(0, 0, 0); font-family: &quot;Microsoft Yahei&quot;, 微软雅黑, &quot;STHeiti Light&quot;, 华文细黑, SimSun, 宋体, Arial, sans-serif; letter-spacing: 1px;\">\r\n	　　高和资本董事长苏鑫认为，深圳国际终止入股苏宁易购是一个&ldquo;可理解的市场化决策&rdquo;。他表示，深圳国际作为一家在境外注册、在香港整体上市的红筹公司，一直以来具有较为完善的法人治理体系和高度的市场化基因，公告所提及&ldquo;未能就商务合作条件达成最终协议&rdquo;的结果并不令人感到意外，苏宁易购近期股权重大变动事项频现和资本市场的实际情况一定程度上已为市场打了&ldquo;预防针&rdquo;。但这不代表双方合作的初衷是不合理的。深圳国际作为一家以物流基础设施投资运营为主业的上市公司，寻求与苏宁易购合作的最大诉求是探索通过资本工具引入商流和信息流，为其物流基础设施业务和综合物流服务业务赋能，这个业务探索方向是值得肯定的，相信不会因为此次合作的终止而停止往这个方向继续探索。这一点在双方的公告里也都有体现。</p>\r\n<p cms-style=\"font-L\" style=\"margin: 0px 0px 30px; padding: 0px; text-size-adjust: 100%; font-size: 18px; color: rgb(0, 0, 0); font-family: &quot;Microsoft Yahei&quot;, 微软雅黑, &quot;STHeiti Light&quot;, 华文细黑, SimSun, 宋体, Arial, sans-serif; letter-spacing: 1px;\">\r\n	　　苏宁易购上半年预亏25亿元至32亿元</p>\r\n<p cms-style=\"font-L\" style=\"margin: 0px 0px 30px; padding: 0px; text-size-adjust: 100%; font-size: 18px; color: rgb(0, 0, 0); font-family: &quot;Microsoft Yahei&quot;, 微软雅黑, &quot;STHeiti Light&quot;, 华文细黑, SimSun, 宋体, Arial, sans-serif; letter-spacing: 1px;\">\r\n	　　苏宁易购7月5日晚间披露业绩预告，上半年预计亏损25亿元至32亿元，上年同期亏损1.67亿元。报告期内，公司遇到阶段性的挑战和困难，二季度销售收入预计同比下滑超过30%，带来毛利额同比较大下滑，与此同时费用相对刚性，使得二季度亏损较大。</p>\r\n<div class=\"img_wrapper\" style=\"text-align: center; color: rgb(77, 79, 83); font-family: &quot;Microsoft Yahei&quot;, 微软雅黑, &quot;STHeiti Light&quot;, 华文细黑, SimSun, 宋体, Arial, sans-serif; font-size: 18px; letter-spacing: 1px;\">\r\n	<img alt=\"\" id=\"2\" src=\"https://n.sinaimg.cn/spider202176/772/w602h170/20210706/ab74-ksmehzs7133883.png\" style=\"border: 0px; vertical-align: middle; display: block; margin: 0px auto; max-width: 640px;\" /></div>\r\n<p cms-style=\"font-L\" style=\"margin: 0px 0px 30px; padding: 0px; text-size-adjust: 100%; font-size: 18px; color: rgb(0, 0, 0); font-family: &quot;Microsoft Yahei&quot;, 微软雅黑, &quot;STHeiti Light&quot;, 华文细黑, SimSun, 宋体, Arial, sans-serif; letter-spacing: 1px;\">\r\n	　　此外，报告期内公司非经常性损益项目预计影响金额约15亿元，主要包括珠海普易物流产业投资合伙企业（有限合伙）收购公司物流资产公司、18 苏宁债第二次债券购回带来的影响。</p>\r\n<p cms-style=\"font-L\" style=\"margin: 0px 0px 30px; padding: 0px; text-size-adjust: 100%; font-size: 18px; color: rgb(0, 0, 0); font-family: &quot;Microsoft Yahei&quot;, 微软雅黑, &quot;STHeiti Light&quot;, 华文细黑, SimSun, 宋体, Arial, sans-serif; letter-spacing: 1px;\">\r\n	　　苏宁易购在业绩预告中再次提及股权转让事宜，称本次股份转让将助力苏宁易购稳定经营，并营造良好有序的外部环境，实现持续健康发展。</p>\r\n<p cms-style=\"font-L\" style=\"margin: 0px 0px 30px; padding: 0px; text-size-adjust: 100%; font-size: 18px; color: rgb(0, 0, 0); font-family: &quot;Microsoft Yahei&quot;, 微软雅黑, &quot;STHeiti Light&quot;, 华文细黑, SimSun, 宋体, Arial, sans-serif; letter-spacing: 1px;\">\r\n	　　大股东股权转让&ldquo;柳暗花明&rdquo;，苏宁易购也宣布终止此前筹划的发行股份购买资产事宜。此前公司称拟以新发行的股份及部分现金作为对价，购买深创投苏宁云新私募投资基金所持有的项目公司100%股权，并以此为理由申请停牌。</p>\r\n<p cms-style=\"font-L\" style=\"margin: 0px 0px 30px; padding: 0px; text-size-adjust: 100%; font-size: 18px; color: rgb(0, 0, 0); font-family: &quot;Microsoft Yahei&quot;, 微软雅黑, &quot;STHeiti Light&quot;, 华文细黑, SimSun, 宋体, Arial, sans-serif; letter-spacing: 1px;\">\r\n	　　苏宁易购在最新披露的公告中称，由于交易双方认为继续推进本次发行股份购买资产的条件不够成熟，预计在规定的停牌时间期限内，难以形成具体可行的方案继续推进本次交易事项，经审慎研究并协商一致，公司与交易相关方决定终止筹划本次发行股份购买资产相关事项。</p>\r\n<p cms-style=\"font-L\" style=\"margin: 0px 0px 30px; padding: 0px; text-size-adjust: 100%; font-size: 18px; color: rgb(0, 0, 0); font-family: &quot;Microsoft Yahei&quot;, 微软雅黑, &quot;STHeiti Light&quot;, 华文细黑, SimSun, 宋体, Arial, sans-serif; letter-spacing: 1px;\">\r\n	　　公司股票将于7月6日开市起复牌。</p>', NULL, 'xy', '2021-07-06 10:32:56', NULL);
INSERT INTO `news_detail` VALUES (43, 1, '7月6日，中国干了一件史无前例的外交大事！', '我看到，官方用了八个字，来形容这件大事：史无前例、绝无仅有。', '<p style=\"margin: 0px 0px 18px; padding: 0px; color: rgb(77, 79, 83); font-family: &quot;Hiragino Sans GB&quot;, &quot;Microsoft Yahei&quot;, &quot;\\\\5FAE软雅黑&quot;, SimSun, &quot;\\\\5B8B体&quot;, Arial; font-size: 18px; letter-spacing: 1px;\">\r\n	原标题：7月6日，中国干了一件史无前例的外交大事！</p>\r\n<p style=\"margin: 0px 0px 18px; padding: 0px; color: rgb(77, 79, 83); font-family: &quot;Hiragino Sans GB&quot;, &quot;Microsoft Yahei&quot;, &quot;\\\\5FAE软雅黑&quot;, SimSun, &quot;\\\\5B8B体&quot;, Arial; font-size: 18px; letter-spacing: 1px;\">\r\n	　　来源：牛弹琴</p>\r\n<div class=\"img_wrapper\" style=\"margin: 0px; padding: 0px; text-align: center; color: rgb(77, 79, 83); font-family: &quot;Hiragino Sans GB&quot;, &quot;Microsoft Yahei&quot;, &quot;\\\\5FAE软雅黑&quot;, SimSun, &quot;\\\\5B8B体&quot;, Arial; font-size: 18px; letter-spacing: 1px;\">\r\n	<img alt=\"\" id=\"0\" src=\"https://n.sinaimg.cn/default/crawl/77/w550h327/20210707/e1c4-1cdcebab3751fe217ee36e4d2cae6cc7.jpg\" style=\"margin: 0px auto; padding: 0px; border: 0px none; vertical-align: top; display: block; max-width: 640px;\" /></div>\r\n<p cms-style=\"font-L align-Center\" style=\"margin: 0px 0px 18px; padding: 0px; font-size: 18px; color: rgb(0, 0, 0); font-family: &quot;Hiragino Sans GB&quot;, &quot;Microsoft Yahei&quot;, &quot;\\\\5FAE软雅黑&quot;, SimSun, &quot;\\\\5B8B体&quot;, Arial; letter-spacing: 1px; text-align: center !important;\">\r\n	　　<font cms-style=\"font-L align-Center color330\" style=\"color: rgb(115, 23, 69) !important;\"><font cms-style=\"font-L strong-Bold align-Center color330\" style=\"font-weight: 800 !important;\">（一）</font></font></p>\r\n<p cms-style=\"font-L\" style=\"margin: 0px 0px 18px; padding: 0px; font-size: 18px; color: rgb(0, 0, 0); font-family: &quot;Hiragino Sans GB&quot;, &quot;Microsoft Yahei&quot;, &quot;\\\\5FAE软雅黑&quot;, SimSun, &quot;\\\\5B8B体&quot;, Arial; letter-spacing: 1px;\">\r\n	　　<font cms-style=\"font-L strong-Bold\" style=\"font-weight: 800 !important;\"><font cms-style=\"font-L strong-Bold color330\" style=\"color: rgb(115, 23, 69) !important;\">7月6日，中国干了一件外交大事。</font></font></p>\r\n<p cms-style=\"font-L\" style=\"margin: 0px 0px 18px; padding: 0px; font-size: 18px; color: rgb(0, 0, 0); font-family: &quot;Hiragino Sans GB&quot;, &quot;Microsoft Yahei&quot;, &quot;\\\\5FAE软雅黑&quot;, SimSun, &quot;\\\\5B8B体&quot;, Arial; letter-spacing: 1px;\">\r\n	　　我看到，官方用了八个字，来形容这件大事：<font cms-style=\"font-L strong-Bold\" style=\"font-weight: 800 !important;\"><font cms-style=\"font-L strong-Bold color330\" style=\"color: rgb(115, 23, 69) !important;\">史无前例、绝无仅有。</font></font></p>\r\n<p cms-style=\"font-L\" style=\"margin: 0px 0px 18px; padding: 0px; font-size: 18px; color: rgb(0, 0, 0); font-family: &quot;Hiragino Sans GB&quot;, &quot;Microsoft Yahei&quot;, &quot;\\\\5FAE软雅黑&quot;, SimSun, &quot;\\\\5B8B体&quot;, Arial; letter-spacing: 1px;\">\r\n	　　这种顶级的词汇，说的就是7月6日晚召开的中国共产党与世界政党领导人峰会。</p>\r\n<p cms-style=\"font-L\" style=\"margin: 0px 0px 18px; padding: 0px; font-size: 18px; color: rgb(0, 0, 0); font-family: &quot;Hiragino Sans GB&quot;, &quot;Microsoft Yahei&quot;, &quot;\\\\5FAE软雅黑&quot;, SimSun, &quot;\\\\5B8B体&quot;, Arial; letter-spacing: 1px;\">\r\n	　　请注意，<font cms-style=\"font-L strong-Bold\" style=\"font-weight: 800 !important;\"><font cms-style=\"font-L strong-Bold color330\" style=\"color: rgb(115, 23, 69) !important;\">这次是峰会</font></font>，2017年那次是对话会。不是一回事，不是一个规格。</p>\r\n<p cms-style=\"font-L\" style=\"margin: 0px 0px 18px; padding: 0px; font-size: 18px; color: rgb(0, 0, 0); font-family: &quot;Hiragino Sans GB&quot;, &quot;Microsoft Yahei&quot;, &quot;\\\\5FAE软雅黑&quot;, SimSun, &quot;\\\\5B8B体&quot;, Arial; letter-spacing: 1px;\">\r\n	　　我理解，之所以说是史无前例、绝无仅有，大致基于以下原因。</p>\r\n<p cms-style=\"font-L\" style=\"margin: 0px 0px 18px; padding: 0px; font-size: 18px; color: rgb(0, 0, 0); font-family: &quot;Hiragino Sans GB&quot;, &quot;Microsoft Yahei&quot;, &quot;\\\\5FAE软雅黑&quot;, SimSun, &quot;\\\\5B8B体&quot;, Arial; letter-spacing: 1px;\">\r\n	　　1，像这样规模这样形式的政党峰会，以前从来没有过。用一位朋友的话说，人类有政党以来，开天辟地第一次。</p>\r\n<p style=\"margin: 0px 0px 18px; padding: 0px; color: rgb(77, 79, 83); font-family: &quot;Hiragino Sans GB&quot;, &quot;Microsoft Yahei&quot;, &quot;\\\\5FAE软雅黑&quot;, SimSun, &quot;\\\\5B8B体&quot;, Arial; font-size: 18px; letter-spacing: 1px;\">\r\n	　　2，层级高到什么程度？世界最大的执政党&mdash;&mdash;中国共产党的最高领导人，亲自出席，这是历史性的七一之后，他首次同全球政党领导人举行线上会晤。</p>\r\n<p style=\"margin: 0px 0px 18px; padding: 0px; color: rgb(77, 79, 83); font-family: &quot;Hiragino Sans GB&quot;, &quot;Microsoft Yahei&quot;, &quot;\\\\5FAE软雅黑&quot;, SimSun, &quot;\\\\5B8B体&quot;, Arial; font-size: 18px; letter-spacing: 1px;\">\r\n	　　3，在峰会上发表讲话的20多人，既是政党领袖，还是国家元首或政府首脑。因此，这既是一个政党峰会，又超越了一般的政党格局。</p>\r\n<div class=\"img_wrapper\" style=\"margin: 0px; padding: 0px; text-align: center; color: rgb(77, 79, 83); font-family: &quot;Hiragino Sans GB&quot;, &quot;Microsoft Yahei&quot;, &quot;\\\\5FAE软雅黑&quot;, SimSun, &quot;\\\\5B8B体&quot;, Arial; font-size: 18px; letter-spacing: 1px;\">\r\n	<img alt=\"\" id=\"2\" src=\"https://n.sinaimg.cn/default/crawl/47/w542h305/20210707/f952-ksmehzs8285014.png\" style=\"margin: 0px auto; padding: 0px; border: 0px none; vertical-align: top; display: block; max-width: 640px;\" /></div>\r\n<div class=\"img_wrapper\" style=\"margin: 0px; padding: 0px; text-align: center; color: rgb(77, 79, 83); font-family: &quot;Hiragino Sans GB&quot;, &quot;Microsoft Yahei&quot;, &quot;\\\\5FAE软雅黑&quot;, SimSun, &quot;\\\\5B8B体&quot;, Arial; font-size: 18px; letter-spacing: 1px;\">\r\n	<img alt=\"\" id=\"3\" src=\"https://n.sinaimg.cn/default/crawl/66/w550h316/20210707/f90d-ksmehzs8285045.png\" style=\"margin: 0px auto; padding: 0px; border: 0px none; vertical-align: top; display: block; max-width: 640px;\" /></div>\r\n<p style=\"margin: 0px 0px 18px; padding: 0px; color: rgb(77, 79, 83); font-family: &quot;Hiragino Sans GB&quot;, &quot;Microsoft Yahei&quot;, &quot;\\\\5FAE软雅黑&quot;, SimSun, &quot;\\\\5B8B体&quot;, Arial; font-size: 18px; letter-spacing: 1px;\">\r\n	　　4，规模大到什么程度？看央视的直播，两个大屏幕上，是各个会场的小屏幕，多得都看不大清楚。根据中联部的数据，160多个国家的500多位政党和政治组织领导人，报名参加了这次峰会。</p>\r\n<p style=\"margin: 0px 0px 18px; padding: 0px; color: rgb(77, 79, 83); font-family: &quot;Hiragino Sans GB&quot;, &quot;Microsoft Yahei&quot;, &quot;\\\\5FAE软雅黑&quot;, SimSun, &quot;\\\\5B8B体&quot;, Arial; font-size: 18px; letter-spacing: 1px;\">\r\n	　　5，除了政党领导人外，还有10000多名政党和政治组织的代表报名，通过视频连线或者网络直播方式听会。130多个国家驻华大使或临时代办也在北京参会。请注意，听会。哪怕听，也参加。</p>\r\n<p style=\"margin: 0px 0px 18px; padding: 0px; color: rgb(77, 79, 83); font-family: &quot;Hiragino Sans GB&quot;, &quot;Microsoft Yahei&quot;, &quot;\\\\5FAE软雅黑&quot;, SimSun, &quot;\\\\5B8B体&quot;, Arial; font-size: 18px; letter-spacing: 1px;\">\r\n	　　6，这还是一次创新式的峰会，线上线下结合。不是几个政党领导人坐在视频前面，而是还设置分会场。分会场里，政党领袖、普通党员，济济一堂，大家一起参加大会。</p>\r\n<p cms-style=\"font-L\" style=\"margin: 0px 0px 18px; padding: 0px; font-size: 18px; color: rgb(0, 0, 0); font-family: &quot;Hiragino Sans GB&quot;, &quot;Microsoft Yahei&quot;, &quot;\\\\5FAE软雅黑&quot;, SimSun, &quot;\\\\5B8B体&quot;, Arial; letter-spacing: 1px;\">\r\n	　　7，有的分会场，可能就几个人；但有的分会场，本身就像开大会。比如，在塞尔维亚分会场，总统武契奇带头参会，最后一算，一个分会场，就来了约300人。</p>\r\n<div class=\"img_wrapper\" style=\"margin: 0px; padding: 0px; text-align: center; color: rgb(77, 79, 83); font-family: &quot;Hiragino Sans GB&quot;, &quot;Microsoft Yahei&quot;, &quot;\\\\5FAE软雅黑&quot;, SimSun, &quot;\\\\5B8B体&quot;, Arial; font-size: 18px; letter-spacing: 1px;\">\r\n	<img alt=\"\" id=\"4\" src=\"https://n.sinaimg.cn/default/crawl/116/w550h366/20210707/780d-ksmehzs8285086.jpg\" style=\"margin: 0px auto; padding: 0px; border: 0px none; vertical-align: top; display: block; max-width: 640px;\" /></div>\r\n<p cms-style=\"font-L\" style=\"margin: 0px 0px 18px; padding: 0px; font-size: 18px; color: rgb(0, 0, 0); font-family: &quot;Hiragino Sans GB&quot;, &quot;Microsoft Yahei&quot;, &quot;\\\\5FAE软雅黑&quot;, SimSun, &quot;\\\\5B8B体&quot;, Arial; letter-spacing: 1px;\">\r\n	　　8，在某些国家，很多个政见不一的政党，干脆都坐在一起，大家一起参加峰会。</p>\r\n<p cms-style=\"font-L\" style=\"margin: 0px 0px 18px; padding: 0px; font-size: 18px; color: rgb(0, 0, 0); font-family: &quot;Hiragino Sans GB&quot;, &quot;Microsoft Yahei&quot;, &quot;\\\\5FAE软雅黑&quot;, SimSun, &quot;\\\\5B8B体&quot;, Arial; letter-spacing: 1px;\">\r\n	　　9，在中国，除北京会场外，还在上海、陕西延安、广东深圳、福建宁德和浙江安吉等我党历史上有特殊意义的地点，设立了分会场。</p>\r\n<p style=\"margin: 0px 0px 18px; padding: 0px; color: rgb(77, 79, 83); font-family: &quot;Hiragino Sans GB&quot;, &quot;Microsoft Yahei&quot;, &quot;\\\\5FAE软雅黑&quot;, SimSun, &quot;\\\\5B8B体&quot;, Arial; font-size: 18px; letter-spacing: 1px;\">\r\n	　　10，这是中国共产党迄今主办的规格最高、规模最大的全球性政党峰会，毫无疑问，这也是中国和世界政党外交历史上一个里程碑事件。</p>\r\n<p cms-style=\"font-L\" style=\"margin: 0px 0px 18px; padding: 0px; font-size: 18px; color: rgb(0, 0, 0); font-family: &quot;Hiragino Sans GB&quot;, &quot;Microsoft Yahei&quot;, &quot;\\\\5FAE软雅黑&quot;, SimSun, &quot;\\\\5B8B体&quot;, Arial; letter-spacing: 1px;\">\r\n	　　我们看到了很多熟悉的面孔。</p>\r\n<p style=\"margin: 0px 0px 18px; padding: 0px; color: rgb(77, 79, 83); font-family: &quot;Hiragino Sans GB&quot;, &quot;Microsoft Yahei&quot;, &quot;\\\\5FAE软雅黑&quot;, SimSun, &quot;\\\\5B8B体&quot;, Arial; font-size: 18px; letter-spacing: 1px;\">\r\n	　　除了上面提到的武契奇外，光发言的领导人，就有：</p>\r\n<p style=\"margin: 0px 0px 18px; padding: 0px; color: rgb(77, 79, 83); font-family: &quot;Hiragino Sans GB&quot;, &quot;Microsoft Yahei&quot;, &quot;\\\\5FAE软雅黑&quot;, SimSun, &quot;\\\\5B8B体&quot;, Arial; font-size: 18px; letter-spacing: 1px;\">\r\n	　　南非非国大主席、总统拉马福萨，</p>\r\n<p style=\"margin: 0px 0px 18px; padding: 0px; color: rgb(77, 79, 83); font-family: &quot;Hiragino Sans GB&quot;, &quot;Microsoft Yahei&quot;, &quot;\\\\5FAE软雅黑&quot;, SimSun, &quot;\\\\5B8B体&quot;, Arial; font-size: 18px; letter-spacing: 1px;\">\r\n	　　哈萨克斯坦&ldquo;祖国之光&rdquo;党主席、首任总统纳扎尔巴耶夫，</p>\r\n<p style=\"margin: 0px 0px 18px; padding: 0px; color: rgb(77, 79, 83); font-family: &quot;Hiragino Sans GB&quot;, &quot;Microsoft Yahei&quot;, &quot;\\\\5FAE软雅黑&quot;, SimSun, &quot;\\\\5B8B体&quot;, Arial; font-size: 18px; letter-spacing: 1px;\">\r\n	　　俄罗斯统一俄罗斯党主席、担任过总统的梅德韦杰夫，</p>\r\n<p style=\"margin: 0px 0px 18px; padding: 0px; color: rgb(77, 79, 83); font-family: &quot;Hiragino Sans GB&quot;, &quot;Microsoft Yahei&quot;, &quot;\\\\5FAE软雅黑&quot;, SimSun, &quot;\\\\5B8B体&quot;, Arial; font-size: 18px; letter-spacing: 1px;\">\r\n	　　阿根廷正义党主席、总统费尔南德斯，</p>\r\n<p style=\"margin: 0px 0px 18px; padding: 0px; color: rgb(77, 79, 83); font-family: &quot;Hiragino Sans GB&quot;, &quot;Microsoft Yahei&quot;, &quot;\\\\5FAE软雅黑&quot;, SimSun, &quot;\\\\5B8B体&quot;, Arial; font-size: 18px; letter-spacing: 1px;\">\r\n	　　越南共产党中央总书记阮富仲，</p>\r\n<p style=\"margin: 0px 0px 18px; padding: 0px; color: rgb(77, 79, 83); font-family: &quot;Hiragino Sans GB&quot;, &quot;Microsoft Yahei&quot;, &quot;\\\\5FAE软雅黑&quot;, SimSun, &quot;\\\\5B8B体&quot;, Arial; font-size: 18px; letter-spacing: 1px;\">\r\n	　　古巴共产党中央第一书记、国家主席迪亚斯-卡内尔，</p>\r\n<p style=\"margin: 0px 0px 18px; padding: 0px; color: rgb(77, 79, 83); font-family: &quot;Hiragino Sans GB&quot;, &quot;Microsoft Yahei&quot;, &quot;\\\\5FAE软雅黑&quot;, SimSun, &quot;\\\\5B8B体&quot;, Arial; font-size: 18px; letter-spacing: 1px;\">\r\n	　　菲律宾民主人民力量党主席、总统杜特尔特，</p>\r\n<p style=\"margin: 0px 0px 18px; padding: 0px; color: rgb(77, 79, 83); font-family: &quot;Hiragino Sans GB&quot;, &quot;Microsoft Yahei&quot;, &quot;\\\\5FAE软雅黑&quot;, SimSun, &quot;\\\\5B8B体&quot;, Arial; font-size: 18px; letter-spacing: 1px;\">\r\n	　　柬埔寨人民党主席、首相洪森，</p>\r\n<p style=\"margin: 0px 0px 18px; padding: 0px; color: rgb(77, 79, 83); font-family: &quot;Hiragino Sans GB&quot;, &quot;Microsoft Yahei&quot;, &quot;\\\\5FAE软雅黑&quot;, SimSun, &quot;\\\\5B8B体&quot;, Arial; font-size: 18px; letter-spacing: 1px;\">\r\n	　　津巴布韦非洲民族联盟-爱国阵线主席兼第一书记、总统姆南加古瓦，</p>\r\n<p style=\"margin: 0px 0px 18px; padding: 0px; color: rgb(77, 79, 83); font-family: &quot;Hiragino Sans GB&quot;, &quot;Microsoft Yahei&quot;, &quot;\\\\5FAE软雅黑&quot;, SimSun, &quot;\\\\5B8B体&quot;, Arial; font-size: 18px; letter-spacing: 1px;\">\r\n	　　巴勒斯坦法塔赫主席、总统阿巴斯，</p>\r\n<p style=\"margin: 0px 0px 18px; padding: 0px; color: rgb(77, 79, 83); font-family: &quot;Hiragino Sans GB&quot;, &quot;Microsoft Yahei&quot;, &quot;\\\\5FAE软雅黑&quot;, SimSun, &quot;\\\\5B8B体&quot;, Arial; font-size: 18px; letter-spacing: 1px;\">\r\n	　　巴基斯坦正义运动党主席、总理伊姆兰&middot;汗，</p>\r\n<p style=\"margin: 0px 0px 18px; padding: 0px; color: rgb(77, 79, 83); font-family: &quot;Hiragino Sans GB&quot;, &quot;Microsoft Yahei&quot;, &quot;\\\\5FAE软雅黑&quot;, SimSun, &quot;\\\\5B8B体&quot;, Arial; font-size: 18px; letter-spacing: 1px;\">\r\n	　　莫桑比克解放阵线党主席、总统纽西，</p>\r\n<p style=\"margin: 0px 0px 18px; padding: 0px; color: rgb(77, 79, 83); font-family: &quot;Hiragino Sans GB&quot;, &quot;Microsoft Yahei&quot;, &quot;\\\\5FAE软雅黑&quot;, SimSun, &quot;\\\\5B8B体&quot;, Arial; font-size: 18px; letter-spacing: 1px;\">\r\n	　　纳米比亚人组党主席、总统根哥布，</p>\r\n<p style=\"margin: 0px 0px 18px; padding: 0px; color: rgb(77, 79, 83); font-family: &quot;Hiragino Sans GB&quot;, &quot;Microsoft Yahei&quot;, &quot;\\\\5FAE软雅黑&quot;, SimSun, &quot;\\\\5B8B体&quot;, Arial; font-size: 18px; letter-spacing: 1px;\">\r\n	　　刚果劳动党主席、刚果（布）总统萨苏，</p>\r\n<p style=\"margin: 0px 0px 18px; padding: 0px; color: rgb(77, 79, 83); font-family: &quot;Hiragino Sans GB&quot;, &quot;Microsoft Yahei&quot;, &quot;\\\\5FAE软雅黑&quot;, SimSun, &quot;\\\\5B8B体&quot;, Arial; font-size: 18px; letter-spacing: 1px;\">\r\n	　　斯里兰卡人民阵线党领袖、总理马欣达&middot;拉贾帕克萨，</p>\r\n<p style=\"margin: 0px 0px 18px; padding: 0px; color: rgb(77, 79, 83); font-family: &quot;Hiragino Sans GB&quot;, &quot;Microsoft Yahei&quot;, &quot;\\\\5FAE软雅黑&quot;, SimSun, &quot;\\\\5B8B体&quot;, Arial; font-size: 18px; letter-spacing: 1px;\">\r\n	　　玻利维亚争取社会主义运动主席、前总统莫拉莱斯，</p>\r\n<p style=\"margin: 0px 0px 18px; padding: 0px; color: rgb(77, 79, 83); font-family: &quot;Hiragino Sans GB&quot;, &quot;Microsoft Yahei&quot;, &quot;\\\\5FAE软雅黑&quot;, SimSun, &quot;\\\\5B8B体&quot;, Arial; font-size: 18px; letter-spacing: 1px;\">\r\n	　　摩洛哥公正与发展党总书记、首相奥斯曼尼，</p>\r\n<p style=\"margin: 0px 0px 18px; padding: 0px; color: rgb(77, 79, 83); font-family: &quot;Hiragino Sans GB&quot;, &quot;Microsoft Yahei&quot;, &quot;\\\\5FAE软雅黑&quot;, SimSun, &quot;\\\\5B8B体&quot;, Arial; font-size: 18px; letter-spacing: 1px;\">\r\n	　　南苏丹苏丹人民解放运动主席、总统基尔，</p>\r\n<p style=\"margin: 0px 0px 18px; padding: 0px; color: rgb(77, 79, 83); font-family: &quot;Hiragino Sans GB&quot;, &quot;Microsoft Yahei&quot;, &quot;\\\\5FAE软雅黑&quot;, SimSun, &quot;\\\\5B8B体&quot;, Arial; font-size: 18px; letter-spacing: 1px;\">\r\n	　　社会党国际主席帕潘德里欧，</p>\r\n<p style=\"margin: 0px 0px 18px; padding: 0px; color: rgb(77, 79, 83); font-family: &quot;Hiragino Sans GB&quot;, &quot;Microsoft Yahei&quot;, &quot;\\\\5FAE软雅黑&quot;, SimSun, &quot;\\\\5B8B体&quot;, Arial; font-size: 18px; letter-spacing: 1px;\">\r\n	　　西班牙共产党主席森特利亚等。</p>\r\n<p cms-style=\"font-L\" style=\"margin: 0px 0px 18px; padding: 0px; font-size: 18px; color: rgb(0, 0, 0); font-family: &quot;Hiragino Sans GB&quot;, &quot;Microsoft Yahei&quot;, &quot;\\\\5FAE软雅黑&quot;, SimSun, &quot;\\\\5B8B体&quot;, Arial; letter-spacing: 1px;\">\r\n	　　很多不是总统，就是总理、首相，这是政党领导人峰会，也是名副其实的全球性峰会。</p>\r\n<div class=\"img_wrapper\" style=\"margin: 0px; padding: 0px; text-align: center; color: rgb(77, 79, 83); font-family: &quot;Hiragino Sans GB&quot;, &quot;Microsoft Yahei&quot;, &quot;\\\\5FAE软雅黑&quot;, SimSun, &quot;\\\\5B8B体&quot;, Arial; font-size: 18px; letter-spacing: 1px;\">\r\n	<img alt=\"\" id=\"5\" src=\"https://n.sinaimg.cn/default/crawl/60/w550h310/20210707/9431-e261f14ea4f02cae93998255aa25a588.png\" style=\"margin: 0px auto; padding: 0px; border: 0px none; vertical-align: top; display: block; max-width: 640px;\" /></div>\r\n<div class=\"img_wrapper\" style=\"margin: 0px; padding: 0px; text-align: center; color: rgb(77, 79, 83); font-family: &quot;Hiragino Sans GB&quot;, &quot;Microsoft Yahei&quot;, &quot;\\\\5FAE软雅黑&quot;, SimSun, &quot;\\\\5B8B体&quot;, Arial; font-size: 18px; letter-spacing: 1px;\">\r\n	<img alt=\"\" id=\"6\" src=\"https://n.sinaimg.cn/default/crawl/117/w550h367/20210707/73cc-65f35d46916c637c54f276e0763eff56.jpg\" style=\"margin: 0px auto; padding: 0px; border: 0px none; vertical-align: top; display: block; max-width: 640px;\" /></div>\r\n<p cms-style=\"font-L\" style=\"margin: 0px 0px 18px; padding: 0px; font-size: 18px; color: rgb(0, 0, 0); font-family: &quot;Hiragino Sans GB&quot;, &quot;Microsoft Yahei&quot;, &quot;\\\\5FAE软雅黑&quot;, SimSun, &quot;\\\\5B8B体&quot;, Arial; letter-spacing: 1px;\">\r\n	　　为什么这样受欢迎？</p>\r\n<p style=\"margin: 0px 0px 18px; padding: 0px; color: rgb(77, 79, 83); font-family: &quot;Hiragino Sans GB&quot;, &quot;Microsoft Yahei&quot;, &quot;\\\\5FAE软雅黑&quot;, SimSun, &quot;\\\\5B8B体&quot;, Arial; font-size: 18px; letter-spacing: 1px;\">\r\n	　　我想，第一个原因，还是主题好，即&ldquo;为人民谋幸福：政党的责任&rdquo;。为人民谋幸福，是我党的初心，但这样的主题，不管左中右，都可以接受，都很感兴趣。</p>\r\n<p style=\"margin: 0px 0px 18px; padding: 0px; color: rgb(77, 79, 83); font-family: &quot;Hiragino Sans GB&quot;, &quot;Microsoft Yahei&quot;, &quot;\\\\5FAE软雅黑&quot;, SimSun, &quot;\\\\5B8B体&quot;, Arial; font-size: 18px; letter-spacing: 1px;\">\r\n	　　第二个原因，也是更重要的原因，这是中国共产党主办的。中国共产党为什么能？也是很多政党共同的疑问，他们希望找到中国成功的密码。</p>\r\n<p cms-style=\"font-L\" style=\"margin: 0px 0px 18px; padding: 0px; font-size: 18px; color: rgb(0, 0, 0); font-family: &quot;Hiragino Sans GB&quot;, &quot;Microsoft Yahei&quot;, &quot;\\\\5FAE软雅黑&quot;, SimSun, &quot;\\\\5B8B体&quot;, Arial; letter-spacing: 1px;\">\r\n	　　请注意，这不是输出模式，但治国理政经验交流，也是政党外交的重要组成部分，不仅仅人家学习我们，我们也要学习人家。</p>\r\n<div class=\"img_wrapper\" style=\"margin: 0px; padding: 0px; text-align: center; color: rgb(77, 79, 83); font-family: &quot;Hiragino Sans GB&quot;, &quot;Microsoft Yahei&quot;, &quot;\\\\5FAE软雅黑&quot;, SimSun, &quot;\\\\5B8B体&quot;, Arial; font-size: 18px; letter-spacing: 1px;\">\r\n	<img alt=\"\" id=\"7\" src=\"https://n.sinaimg.cn/default/crawl/61/w550h311/20210707/82b7-c815fabd1f193174125838aace2a012a.png\" style=\"margin: 0px auto; padding: 0px; border: 0px none; vertical-align: top; display: block; max-width: 640px;\" /></div>\r\n<div class=\"img_wrapper\" style=\"margin: 0px; padding: 0px; text-align: center; color: rgb(77, 79, 83); font-family: &quot;Hiragino Sans GB&quot;, &quot;Microsoft Yahei&quot;, &quot;\\\\5FAE软雅黑&quot;, SimSun, &quot;\\\\5B8B体&quot;, Arial; font-size: 18px; letter-spacing: 1px;\">\r\n	<div class=\"img_wrapper\" style=\"margin: 0px; padding: 0px;\">\r\n		<img alt=\"\" id=\"8\" src=\"https://n.sinaimg.cn/default/crawl/600/w550h50/20201109/86ee-kcpxnww7181391.jpg\" style=\"margin: 0px auto; padding: 0px; border: 0px none; vertical-align: top; display: block; max-width: 640px;\" /></div>\r\n</div>\r\n<p cms-style=\"font-L align-Center\" style=\"margin: 0px 0px 18px; padding: 0px; font-size: 18px; color: rgb(0, 0, 0); font-family: &quot;Hiragino Sans GB&quot;, &quot;Microsoft Yahei&quot;, &quot;\\\\5FAE软雅黑&quot;, SimSun, &quot;\\\\5B8B体&quot;, Arial; letter-spacing: 1px; text-align: center !important;\">\r\n	　　<font cms-style=\"font-L align-Center color330\" style=\"color: rgb(115, 23, 69) !important;\"><font cms-style=\"font-L strong-Bold align-Center color330\" style=\"font-weight: 800 !important;\">（二）</font></font></p>\r\n<p cms-style=\"font-L\" style=\"margin: 0px 0px 18px; padding: 0px; font-size: 18px; color: rgb(0, 0, 0); font-family: &quot;Hiragino Sans GB&quot;, &quot;Microsoft Yahei&quot;, &quot;\\\\5FAE软雅黑&quot;, SimSun, &quot;\\\\5B8B体&quot;, Arial; letter-spacing: 1px;\">\r\n	　　当然，最重要的，还是这次峰会的含金量。</p>\r\n<p cms-style=\"font-L\" style=\"margin: 0px 0px 18px; padding: 0px; font-size: 18px; color: rgb(0, 0, 0); font-family: &quot;Hiragino Sans GB&quot;, &quot;Microsoft Yahei&quot;, &quot;\\\\5FAE软雅黑&quot;, SimSun, &quot;\\\\5B8B体&quot;, Arial; letter-spacing: 1px;\">\r\n	　　四个字，<font cms-style=\"font-L strong-Bold\" style=\"font-weight: 800 !important;\"><font cms-style=\"font-L strong-Bold color330\" style=\"color: rgb(115, 23, 69) !important;\">成色满满。</font></font></p>\r\n<p cms-style=\"font-L\" style=\"margin: 0px 0px 18px; padding: 0px; font-size: 18px; color: rgb(0, 0, 0); font-family: &quot;Hiragino Sans GB&quot;, &quot;Microsoft Yahei&quot;, &quot;\\\\5FAE软雅黑&quot;, SimSun, &quot;\\\\5B8B体&quot;, Arial; letter-spacing: 1px;\">\r\n	　　尤其是中国领导人的主旨发言，信息量很大。</p>\r\n<p cms-style=\"font-L\" style=\"margin: 0px 0px 18px; padding: 0px; font-size: 18px; color: rgb(0, 0, 0); font-family: &quot;Hiragino Sans GB&quot;, &quot;Microsoft Yahei&quot;, &quot;\\\\5FAE软雅黑&quot;, SimSun, &quot;\\\\5B8B体&quot;, Arial; letter-spacing: 1px;\">\r\n	　　我印象最深的，四点吧。</p>\r\n<p cms-style=\"font-L\" style=\"margin: 0px 0px 18px; padding: 0px; font-size: 18px; color: rgb(0, 0, 0); font-family: &quot;Hiragino Sans GB&quot;, &quot;Microsoft Yahei&quot;, &quot;\\\\5FAE软雅黑&quot;, SimSun, &quot;\\\\5B8B体&quot;, Arial; letter-spacing: 1px;\">\r\n	　　<font cms-style=\"font-L strong-Bold\" style=\"font-weight: 800 !important;\"><font cms-style=\"font-L strong-Bold color330\" style=\"color: rgb(115, 23, 69) !important;\">1，数据。</font></font></p>\r\n<p style=\"margin: 0px 0px 18px; padding: 0px; color: rgb(77, 79, 83); font-family: &quot;Hiragino Sans GB&quot;, &quot;Microsoft Yahei&quot;, &quot;\\\\5FAE软雅黑&quot;, SimSun, &quot;\\\\5B8B体&quot;, Arial; font-size: 18px; letter-spacing: 1px;\">\r\n	　　他提到，最近这段时间，中国共产党成立100周年，170多个国家的600多个政党和政治组织，发来了1500多封贺电贺信。</p>\r\n<p cms-style=\"font-L\" style=\"margin: 0px 0px 18px; padding: 0px; font-size: 18px; color: rgb(0, 0, 0); font-family: &quot;Hiragino Sans GB&quot;, &quot;Microsoft Yahei&quot;, &quot;\\\\5FAE软雅黑&quot;, SimSun, &quot;\\\\5B8B体&quot;, Arial; letter-spacing: 1px;\">\r\n	　　1500多封的贺电，我不知道，是不是也创造了政党历史的新记录。</p>\r\n<p cms-style=\"font-L\" style=\"margin: 0px 0px 18px; padding: 0px; font-size: 18px; color: rgb(0, 0, 0); font-family: &quot;Hiragino Sans GB&quot;, &quot;Microsoft Yahei&quot;, &quot;\\\\5FAE软雅黑&quot;, SimSun, &quot;\\\\5B8B体&quot;, Arial; letter-spacing: 1px;\">\r\n	　　<font cms-style=\"font-L strong-Bold\" style=\"font-weight: 800 !important;\"><font cms-style=\"font-L strong-Bold color330\" style=\"color: rgb(115, 23, 69) !important;\">2，格局。</font></font></p>\r\n<p style=\"margin: 0px 0px 18px; padding: 0px; color: rgb(77, 79, 83); font-family: &quot;Hiragino Sans GB&quot;, &quot;Microsoft Yahei&quot;, &quot;\\\\5FAE软雅黑&quot;, SimSun, &quot;\\\\5B8B体&quot;, Arial; font-size: 18px; letter-spacing: 1px;\">\r\n	　　尤其体现在这一句话上：从&ldquo;本国优先&rdquo;的角度看，世界是狭小拥挤的，时时都是&ldquo;激烈竞争&rdquo;；从命运与共的角度看，世界是宽广博大的，处处都有合作机遇。</p>\r\n<p cms-style=\"font-L\" style=\"margin: 0px 0px 18px; padding: 0px; font-size: 18px; color: rgb(0, 0, 0); font-family: &quot;Hiragino Sans GB&quot;, &quot;Microsoft Yahei&quot;, &quot;\\\\5FAE软雅黑&quot;, SimSun, &quot;\\\\5B8B体&quot;, Arial; letter-spacing: 1px;\">\r\n	　　很辩证、很富有哲理，后者，就是中国共产党的格局。</p>\r\n<p cms-style=\"font-L\" style=\"margin: 0px 0px 18px; padding: 0px; font-size: 18px; color: rgb(0, 0, 0); font-family: &quot;Hiragino Sans GB&quot;, &quot;Microsoft Yahei&quot;, &quot;\\\\5FAE软雅黑&quot;, SimSun, &quot;\\\\5B8B体&quot;, Arial; letter-spacing: 1px;\">\r\n	　　<font cms-style=\"font-L strong-Bold\" style=\"font-weight: 800 !important;\"><font cms-style=\"font-L strong-Bold color330\" style=\"color: rgb(115, 23, 69) !important;\">3，初心。</font></font></p>\r\n<p style=\"margin: 0px 0px 18px; padding: 0px; color: rgb(77, 79, 83); font-family: &quot;Hiragino Sans GB&quot;, &quot;Microsoft Yahei&quot;, &quot;\\\\5FAE软雅黑&quot;, SimSun, &quot;\\\\5B8B体&quot;, Arial; font-size: 18px; letter-spacing: 1px;\">\r\n	　　这充分体现在这次峰会的主题上。领导人就说：为人民谋幸福，是中国共产党始终坚守的初心。办好中国的事，让14亿多中国人民过上更加美好的生活，促进人类和平与发展的崇高事业，这是中国共产党矢志不渝的奋斗目标。</p>\r\n<p cms-style=\"font-L\" style=\"margin: 0px 0px 18px; padding: 0px; font-size: 18px; color: rgb(0, 0, 0); font-family: &quot;Hiragino Sans GB&quot;, &quot;Microsoft Yahei&quot;, &quot;\\\\5FAE软雅黑&quot;, SimSun, &quot;\\\\5B8B体&quot;, Arial; letter-spacing: 1px;\">\r\n	　　为人民谋幸福，为民族谋复兴，为世界谋大同。</p>\r\n<p cms-style=\"font-L\" style=\"margin: 0px 0px 18px; padding: 0px; font-size: 18px; color: rgb(0, 0, 0); font-family: &quot;Hiragino Sans GB&quot;, &quot;Microsoft Yahei&quot;, &quot;\\\\5FAE软雅黑&quot;, SimSun, &quot;\\\\5B8B体&quot;, Arial; letter-spacing: 1px;\">\r\n	　　<font cms-style=\"font-L strong-Bold\" style=\"font-weight: 800 !important;\"><font cms-style=\"font-L strong-Bold color330\" style=\"color: rgb(115, 23, 69) !important;\">4，三不。</font></font></p>\r\n<p cms-style=\"font-L\" style=\"margin: 0px 0px 18px; padding: 0px; font-size: 18px; color: rgb(0, 0, 0); font-family: &quot;Hiragino Sans GB&quot;, &quot;Microsoft Yahei&quot;, &quot;\\\\5FAE软雅黑&quot;, SimSun, &quot;\\\\5B8B体&quot;, Arial; letter-spacing: 1px;\">\r\n	　　那三不？即，<font cms-style=\"font-L strong-Bold\" style=\"font-weight: 800 !important;\"><font cms-style=\"font-L strong-Bold color330\" style=\"color: rgb(115, 23, 69) !important;\">&ldquo;中国永远不称霸、不搞扩张、不谋求势力范围。&rdquo;</font></font>反正，这一句掷地有声的话后，是全世界的掌声。</p>\r\n<p cms-style=\"font-L\" style=\"margin: 0px 0px 18px; padding: 0px; font-size: 18px; color: rgb(0, 0, 0); font-family: &quot;Hiragino Sans GB&quot;, &quot;Microsoft Yahei&quot;, &quot;\\\\5FAE软雅黑&quot;, SimSun, &quot;\\\\5B8B体&quot;, Arial; letter-spacing: 1px;\">\r\n	　　这就是中国，不是西方。</p>\r\n<div class=\"img_wrapper\" style=\"margin: 0px; padding: 0px; text-align: center; color: rgb(77, 79, 83); font-family: &quot;Hiragino Sans GB&quot;, &quot;Microsoft Yahei&quot;, &quot;\\\\5FAE软雅黑&quot;, SimSun, &quot;\\\\5B8B体&quot;, Arial; font-size: 18px; letter-spacing: 1px;\">\r\n	<img alt=\"\" id=\"9\" src=\"https://n.sinaimg.cn/default/crawl/51/w550h301/20210707/9fee-ksmehzs8285208.jpg\" style=\"margin: 0px auto; padding: 0px; border: 0px none; vertical-align: top; display: block; max-width: 640px;\" /></div>\r\n<div class=\"img_wrapper\" style=\"margin: 0px; padding: 0px; text-align: center; color: rgb(77, 79, 83); font-family: &quot;Hiragino Sans GB&quot;, &quot;Microsoft Yahei&quot;, &quot;\\\\5FAE软雅黑&quot;, SimSun, &quot;\\\\5B8B体&quot;, Arial; font-size: 18px; letter-spacing: 1px;\">\r\n	<img alt=\"\" id=\"10\" src=\"https://n.sinaimg.cn/default/crawl/162/w550h412/20210707/c11b-ksmehzs8285229.jpg\" style=\"margin: 0px auto; padding: 0px; border: 0px none; vertical-align: top; display: block; max-width: 640px;\" /></div>\r\n<p cms-style=\"font-L\" style=\"margin: 0px 0px 18px; padding: 0px; font-size: 18px; color: rgb(0, 0, 0); font-family: &quot;Hiragino Sans GB&quot;, &quot;Microsoft Yahei&quot;, &quot;\\\\5FAE软雅黑&quot;, SimSun, &quot;\\\\5B8B体&quot;, Arial; letter-spacing: 1px;\">\r\n	　　20多名政党领导人作了发言，特殊的场合，很多意味深长的话。</p>\r\n<p cms-style=\"font-L\" style=\"margin: 0px 0px 18px; padding: 0px; font-size: 18px; color: rgb(0, 0, 0); font-family: &quot;Hiragino Sans GB&quot;, &quot;Microsoft Yahei&quot;, &quot;\\\\5FAE软雅黑&quot;, SimSun, &quot;\\\\5B8B体&quot;, Arial; letter-spacing: 1px;\">\r\n	　　比如，南非总统拉马福萨，一大早查了一下，就这次峰会，他发推就发了近20条，显然感触很深，比如，他在发言中说：</p>\r\n<p cms-style=\"font-L\" style=\"margin: 0px 0px 18px; padding: 0px; font-size: 18px; color: rgb(0, 0, 0); font-family: &quot;Hiragino Sans GB&quot;, &quot;Microsoft Yahei&quot;, &quot;\\\\5FAE软雅黑&quot;, SimSun, &quot;\\\\5B8B体&quot;, Arial; letter-spacing: 1px;\">\r\n	　　中国共产党之所以取得历史的成就，是因为她把人民群众的需要和利益，放在工作的中心位置&hellip;&hellip;我们衷心赞同中国领导人曾指出的：人民是历史的创造者，是真正的英雄。</p>\r\n<p style=\"margin: 0px 0px 18px; padding: 0px; color: rgb(77, 79, 83); font-family: &quot;Hiragino Sans GB&quot;, &quot;Microsoft Yahei&quot;, &quot;\\\\5FAE软雅黑&quot;, SimSun, &quot;\\\\5B8B体&quot;, Arial; font-size: 18px; letter-spacing: 1px;\">\r\n	　　&ldquo;巴铁&rdquo;总理伊姆兰&middot;汗很感慨地说，中共实践证明，政党唯有全心全意为人民服务，才能广受拥护。</p>\r\n<p style=\"margin: 0px 0px 18px; padding: 0px; color: rgb(77, 79, 83); font-family: &quot;Hiragino Sans GB&quot;, &quot;Microsoft Yahei&quot;, &quot;\\\\5FAE软雅黑&quot;, SimSun, &quot;\\\\5B8B体&quot;, Arial; font-size: 18px; letter-spacing: 1px;\">\r\n	　　现在的古巴一把手&mdash;&mdash;迪亚斯-卡内尔，也指出，中国有效应对新冠疫情，成功消除绝对贫困，关键在于，中共坚持以人民为中心的发展思想，高效开展工作。</p>\r\n<p style=\"margin: 0px 0px 18px; padding: 0px; color: rgb(77, 79, 83); font-family: &quot;Hiragino Sans GB&quot;, &quot;Microsoft Yahei&quot;, &quot;\\\\5FAE软雅黑&quot;, SimSun, &quot;\\\\5B8B体&quot;, Arial; font-size: 18px; letter-spacing: 1px;\">\r\n	　　武契奇则认为，中国共产党在建设国家过程中激发出的伟大创造力，为世界各国带来了启迪和希望。</p>\r\n<div class=\"img_wrapper\" style=\"margin: 0px; padding: 0px; text-align: center; color: rgb(77, 79, 83); font-family: &quot;Hiragino Sans GB&quot;, &quot;Microsoft Yahei&quot;, &quot;\\\\5FAE软雅黑&quot;, SimSun, &quot;\\\\5B8B体&quot;, Arial; font-size: 18px; letter-spacing: 1px;\">\r\n	<div class=\"img_wrapper\" style=\"margin: 0px; padding: 0px;\">\r\n		<img alt=\"\" id=\"11\" src=\"https://n.sinaimg.cn/default/crawl/59/w550h309/20210707/3b0b-ksmehzs8285266.jpg\" style=\"margin: 0px auto; padding: 0px; border: 0px none; vertical-align: top; display: block; max-width: 640px;\" /></div>\r\n</div>\r\n<div class=\"img_wrapper\" style=\"margin: 0px; padding: 0px; text-align: center; color: rgb(77, 79, 83); font-family: &quot;Hiragino Sans GB&quot;, &quot;Microsoft Yahei&quot;, &quot;\\\\5FAE软雅黑&quot;, SimSun, &quot;\\\\5B8B体&quot;, Arial; font-size: 18px; letter-spacing: 1px;\">\r\n	<div class=\"img_wrapper\" style=\"margin: 0px; padding: 0px;\">\r\n		<img alt=\"\" id=\"12\" src=\"https://n.sinaimg.cn/default/crawl/28/w550h278/20210707/1057-fb77456bb1ec2a3e00477431d4056621.png\" style=\"margin: 0px auto; padding: 0px; border: 0px none; vertical-align: top; display: block; max-width: 640px;\" /></div>\r\n</div>\r\n<p cms-style=\"font-L\" style=\"margin: 0px 0px 18px; padding: 0px; font-size: 18px; color: rgb(0, 0, 0); font-family: &quot;Hiragino Sans GB&quot;, &quot;Microsoft Yahei&quot;, &quot;\\\\5FAE软雅黑&quot;, SimSun, &quot;\\\\5B8B体&quot;, Arial; letter-spacing: 1px;\">\r\n	　　都围绕主题，但也不乏思考，以及治国理政经验的碰撞。</p>\r\n<p cms-style=\"font-L\" style=\"margin: 0px 0px 18px; padding: 0px; font-size: 18px; color: rgb(0, 0, 0); font-family: &quot;Hiragino Sans GB&quot;, &quot;Microsoft Yahei&quot;, &quot;\\\\5FAE软雅黑&quot;, SimSun, &quot;\\\\5B8B体&quot;, Arial; letter-spacing: 1px;\">\r\n	　　<font cms-style=\"font-L strong-Bold\" style=\"font-weight: 800 !important;\"><font cms-style=\"font-L strong-Bold color330\" style=\"color: rgb(115, 23, 69) !important;\">一个人讲，全世界听。</font></font></p>\r\n<p cms-style=\"font-L\" style=\"margin: 0px 0px 18px; padding: 0px; font-size: 18px; color: rgb(0, 0, 0); font-family: &quot;Hiragino Sans GB&quot;, &quot;Microsoft Yahei&quot;, &quot;\\\\5FAE软雅黑&quot;, SimSun, &quot;\\\\5B8B体&quot;, Arial; letter-spacing: 1px;\">\r\n	　　一个政党分享经验，全世界都在思索。</p>\r\n<p cms-style=\"font-L\" style=\"margin: 0px 0px 18px; padding: 0px; font-size: 18px; color: rgb(0, 0, 0); font-family: &quot;Hiragino Sans GB&quot;, &quot;Microsoft Yahei&quot;, &quot;\\\\5FAE软雅黑&quot;, SimSun, &quot;\\\\5B8B体&quot;, Arial; letter-spacing: 1px;\">\r\n	　　因为有分会场，一句精彩的语句，真的是全世界都在鼓掌。</p>\r\n<p cms-style=\"font-L\" style=\"margin: 0px 0px 18px; padding: 0px; font-size: 18px; color: rgb(0, 0, 0); font-family: &quot;Hiragino Sans GB&quot;, &quot;Microsoft Yahei&quot;, &quot;\\\\5FAE软雅黑&quot;, SimSun, &quot;\\\\5B8B体&quot;, Arial; letter-spacing: 1px;\">\r\n	　　这一晚，我们都在关心人类。</p>\r\n<p cms-style=\"font-L\" style=\"margin: 0px 0px 18px; padding: 0px; font-size: 18px; color: rgb(0, 0, 0); font-family: &quot;Hiragino Sans GB&quot;, &quot;Microsoft Yahei&quot;, &quot;\\\\5FAE软雅黑&quot;, SimSun, &quot;\\\\5B8B体&quot;, Arial; letter-spacing: 1px;\">\r\n	　　这种形式，别开生面，确实是史无前例、绝无仅有。</p>\r\n<p cms-style=\"font-L\" style=\"margin: 0px 0px 18px; padding: 0px; font-size: 18px; color: rgb(0, 0, 0); font-family: &quot;Hiragino Sans GB&quot;, &quot;Microsoft Yahei&quot;, &quot;\\\\5FAE软雅黑&quot;, SimSun, &quot;\\\\5B8B体&quot;, Arial; letter-spacing: 1px;\">\r\n	　　最后，三点感慨吧。</p>\r\n<p cms-style=\"font-L\" style=\"margin: 0px 0px 18px; padding: 0px; font-size: 18px; color: rgb(0, 0, 0); font-family: &quot;Hiragino Sans GB&quot;, &quot;Microsoft Yahei&quot;, &quot;\\\\5FAE软雅黑&quot;, SimSun, &quot;\\\\5B8B体&quot;, Arial; letter-spacing: 1px;\">\r\n	　　<font cms-style=\"font-L strong-Bold\" style=\"font-weight: 800 !important;\"><font cms-style=\"font-L strong-Bold color330\" style=\"color: rgb(115, 23, 69) !important;\">第一，中国的外交创新，着实让人刮目相看。</font></font></p>\r\n<p cms-style=\"font-L\" style=\"margin: 0px 0px 18px; padding: 0px; font-size: 18px; color: rgb(0, 0, 0); font-family: &quot;Hiragino Sans GB&quot;, &quot;Microsoft Yahei&quot;, &quot;\\\\5FAE软雅黑&quot;, SimSun, &quot;\\\\5B8B体&quot;, Arial; letter-spacing: 1px;\">\r\n	<br />\r\n	　　<font cms-style=\"font-L strong-Bold\" style=\"font-weight: 800 !important;\"><font cms-style=\"font-L strong-Bold color330\" style=\"color: rgb(115, 23, 69) !important;\">第二，我党的初心，全世界都看到了。</font></font>　　政府外交不用说了，有声有色；现在的政党外交，也让人眼前一亮。讲好中国故事，讲好中国共产党故事，大国大党大外交，格局更大了，空间更广阔了。</p>\r\n<p cms-style=\"font-L\" style=\"margin: 0px 0px 18px; padding: 0px; font-size: 18px; color: rgb(0, 0, 0); font-family: &quot;Hiragino Sans GB&quot;, &quot;Microsoft Yahei&quot;, &quot;\\\\5FAE软雅黑&quot;, SimSun, &quot;\\\\5B8B体&quot;, Arial; letter-spacing: 1px;\">\r\n	　　坦率地说，对共产党，国际上还是存在一些误读的。但这次峰会，主题是&ldquo;为人民谋幸福：政党的责任&rdquo;，也让我党的初心，为全世界知晓。什么是国际传播？这其实就是最高层面的国际传播啊。</p>\r\n<p cms-style=\"font-L\" style=\"margin: 0px 0px 18px; padding: 0px; font-size: 18px; color: rgb(0, 0, 0); font-family: &quot;Hiragino Sans GB&quot;, &quot;Microsoft Yahei&quot;, &quot;\\\\5FAE软雅黑&quot;, SimSun, &quot;\\\\5B8B体&quot;, Arial; letter-spacing: 1px;\">\r\n	　　<font cms-style=\"font-L strong-Bold\" style=\"font-weight: 800 !important;\"><font cms-style=\"font-L strong-Bold color330\" style=\"color: rgb(115, 23, 69) !important;\">第三，更重要的，我们的朋友遍天下。</font></font></p>\r\n<p cms-style=\"font-L\" style=\"margin: 0px 0px 18px; padding: 0px; font-size: 18px; color: rgb(0, 0, 0); font-family: &quot;Hiragino Sans GB&quot;, &quot;Microsoft Yahei&quot;, &quot;\\\\5FAE软雅黑&quot;, SimSun, &quot;\\\\5B8B体&quot;, Arial; letter-spacing: 1px;\">\r\n	　　收到1500多封贺信，办这么史无前例的峰会，世界看到了一个开放、自信、成功的中国共产党，各党也从治国理政交流中受益。而且，在当前国际背景下，中国共产党向世界充分证明，我们站在历史正确的一边，我们的朋友遍天下。</p>\r\n<p style=\"margin: 0px 0px 18px; padding: 0px; color: rgb(77, 79, 83); font-family: &quot;Hiragino Sans GB&quot;, &quot;Microsoft Yahei&quot;, &quot;\\\\5FAE软雅黑&quot;, SimSun, &quot;\\\\5B8B体&quot;, Arial; font-size: 18px; letter-spacing: 1px;\">\r\n	　　真的，全世界这么多政党，能坐到一起，开几个钟头的&ldquo;云端&rdquo;峰会，史无前例、绝无仅有。就冲这一点，中国共产党，真行！</p>', NULL, 'furfur', '2021-07-07 07:05:31', NULL);
INSERT INTO `news_detail` VALUES (34, 9, '总决赛MVP赔率更新：保罗排名第一 字母哥第三', '美国博彩网开出了总决赛MVP的赔率，太阳队首发控卫克里斯-保罗排名最高。', '<p font-size:=\"\" hiragino=\"\" letter-spacing:=\"\" microsoft=\"\" sans=\"\" style=\"margin: 0px 0px 30px; padding: 0px; text-size-adjust: 100%; color: rgb(77, 79, 83); font-family: \">\r\n	<img src=\"https://n.sinaimg.cn/www/transform/500/w650h650/20210706/6405-ksmehzs7391361.jpg\" /></p>\r\n<p font-size:=\"\" hiragino=\"\" letter-spacing:=\"\" microsoft=\"\" sans=\"\" style=\"margin: 0px 0px 30px; padding: 0px; text-size-adjust: 100%; color: rgb(77, 79, 83); font-family: \">\r\n	北京时间7月6日，据美媒体报道，NBA总决赛即将打响，美国博彩网站开出了总决赛MVP的赔率，太阳队首发控卫克里斯-保罗排名最高。</p>\r\n<p font-size:=\"\" hiragino=\"\" letter-spacing:=\"\" microsoft=\"\" sans=\"\" style=\"margin: 0px 0px 30px; padding: 0px; text-size-adjust: 100%; color: rgb(77, 79, 83); font-family: \">\r\n	　　根据BetOnline开出的总决赛MVP赔率，克里斯-保罗以+130（押100赢130）排名最高。</p>\r\n<p font-size:=\"\" hiragino=\"\" letter-spacing:=\"\" microsoft=\"\" sans=\"\" style=\"margin: 0px 0px 30px; padding: 0px; text-size-adjust: 100%; color: rgb(77, 79, 83); font-family: \">\r\n	　　排在之后的依次是：德文-布克（+230）、字母哥（+325）、克里斯-米德尔顿（+600）、朱-霍乐迪（+1000）、艾顿（+2500）、布鲁克-洛佩斯（+8000）。</p>', NULL, 'furfur', '2021-07-06 09:35:08', NULL);
INSERT INTO `news_detail` VALUES (38, 7, '香港春拍中包含徐悲鸿与张大千画作', '澎湃新闻获悉，中国近现代画家徐悲鸿的油画《奴隶与狮》被当场宣布流拍', '<p style=\"margin: 0px 0px 18px; padding: 0px; color: rgb(77, 79, 83); font-family: &quot;Hiragino Sans GB&quot;, &quot;Microsoft Yahei&quot;, &quot;\\\\5FAE软雅黑&quot;, SimSun, &quot;\\\\5B8B体&quot;, Arial; font-size: 18px; letter-spacing: 1px;\">\r\n	澎湃新闻获悉，在2021年5月24日晚间举行的佳士得香港春拍中，中国近现代画家徐悲鸿的油画《奴隶与狮》被当场宣布流拍。随着拍卖官一声无力的&ldquo;pass&rdquo;（流拍），现场气氛极为罕见地跌至冰点，如此流拍和尴尬现场气氛较2020年疫情期间的春拍表现更令人意外。对于流拍的原因，有分析人士称是因不足拍卖估价3.5亿港元的底线，也有收藏界人士暗示此作可能存疑。</p>\r\n<p style=\"margin: 0px 0px 18px; padding: 0px; color: rgb(77, 79, 83); font-family: &quot;Hiragino Sans GB&quot;, &quot;Microsoft Yahei&quot;, &quot;\\\\5FAE软雅黑&quot;, SimSun, &quot;\\\\5B8B体&quot;, Arial; font-size: 18px; letter-spacing: 1px;\">\r\n	　　在当晚，张大千泼彩画作《碧峰古寺》以1.8亿港元落槌，含佣金以2.09亿港元成交，位居张大千作品第二高价。</p>\r\n<p style=\"margin: 0px 0px 18px; padding: 0px; color: rgb(77, 79, 83); font-family: &quot;Hiragino Sans GB&quot;, &quot;Microsoft Yahei&quot;, &quot;\\\\5FAE软雅黑&quot;, SimSun, &quot;\\\\5B8B体&quot;, Arial; font-size: 18px; letter-spacing: 1px;\">\r\n	　　徐悲鸿（1895-1953）是中国现实主义绘画大家、中国现代美术教育奠基人。据此前拍卖方的宣传介绍称，《奴隶与狮》标志着徐悲鸿艺术生涯的第一个创作高峰，是其最具重要性与代表性的名作之一，也是中国艺术史上里程碑式的宏伟巨作，被认为是中国艺术史上最重要的油画作品之一。</p>\r\n<div class=\"img_wrapper\" style=\"margin: 0px; padding: 0px; text-align: center; color: rgb(77, 79, 83); font-family: &quot;Hiragino Sans GB&quot;, &quot;Microsoft Yahei&quot;, &quot;\\\\5FAE软雅黑&quot;, SimSun, &quot;\\\\5B8B体&quot;, Arial; font-size: 18px; letter-spacing: 1px;\">\r\n	<img alt=\"\" data-link=\"\" src=\"https://n.sinaimg.cn/news/transform/213/w550h463/20210525/0a02-kqpyffz4878777.jpg\" style=\"margin: 0px auto; padding: 0px; border: 0px none; vertical-align: top; display: block; max-width: 640px;\" /><br />\r\n	<p style=\"margin: 0px 0px 18px; padding: 0px;\">\r\n		　　徐悲鸿（1895-1953）《奴隶与狮》油彩 画布 123.3 x 152.8 cm。 1924年作</p>\r\n	<p style=\"margin: 0px 0px 18px; padding: 0px;\">\r\n		　　款识：悲鸿 甲子初秋（左下）</p>\r\n</div>\r\n<p style=\"margin: 0px 0px 18px; padding: 0px; color: rgb(77, 79, 83); font-family: &quot;Hiragino Sans GB&quot;, &quot;Microsoft Yahei&quot;, &quot;\\\\5FAE软雅黑&quot;, SimSun, &quot;\\\\5B8B体&quot;, Arial; font-size: 18px; letter-spacing: 1px;\">\r\n	　　当晚，单独一幅《奴隶与狮》以专场形式拍卖，经过一番电话委托席间罕见的冷静而焦灼的报价，这幅原本估价为3.5亿~4.5亿港元的拍品，在3.2亿港元的价格上，被拍卖官宣布流拍。有分析人士在观看视频直播后表示：&ldquo;卖家的底价要得太高了。&rdquo;</p>\r\n<p style=\"margin: 0px 0px 18px; padding: 0px; color: rgb(77, 79, 83); font-family: &quot;Hiragino Sans GB&quot;, &quot;Microsoft Yahei&quot;, &quot;\\\\5FAE软雅黑&quot;, SimSun, &quot;\\\\5B8B体&quot;, Arial; font-size: 18px; letter-spacing: 1px;\">\r\n	　　也有收藏界人士对此一画作的细节进行评论，也有观点暗示此作或许存疑。</p>\r\n<p style=\"margin: 0px 0px 18px; padding: 0px; color: rgb(77, 79, 83); font-family: &quot;Hiragino Sans GB&quot;, &quot;Microsoft Yahei&quot;, &quot;\\\\5FAE软雅黑&quot;, SimSun, &quot;\\\\5B8B体&quot;, Arial; font-size: 18px; letter-spacing: 1px;\">\r\n	　　拍卖方此前介绍称，《奴隶与狮》（1924年）是徐悲鸿艺术生涯第一幅主题性绘画作品，后继《田横五百士》（1928-1930年）、《徯我后》（1931-1933年）、《愚公移山》（1940年）等作品，皆受该作开创性的重要启发。为中国现代艺术开拓出一条改革创新之路，历史价值极高。</p>\r\n<p style=\"margin: 0px 0px 18px; padding: 0px; color: rgb(77, 79, 83); font-family: &quot;Hiragino Sans GB&quot;, &quot;Microsoft Yahei&quot;, &quot;\\\\5FAE软雅黑&quot;, SimSun, &quot;\\\\5B8B体&quot;, Arial; font-size: 18px; letter-spacing: 1px;\">\r\n	　　《奴隶与狮》故事源于古罗马传说与伊索寓言&mdash;&mdash;逃跑的奴隶被主人抓获，即将被置于斗兽场中被狮子处决，而狮子不但没有攻击他，却与他温情相认。原来奴隶在路途中曾经替狮子将爪上的刺拔出而救了它，故事感动了所有人，最终奴隶与狮子都重获自由。弘扬了二者的互相救赎的人文关怀精神。</p>\r\n<div class=\"img_wrapper\" style=\"margin: 0px; padding: 0px; text-align: center; color: rgb(77, 79, 83); font-family: &quot;Hiragino Sans GB&quot;, &quot;Microsoft Yahei&quot;, &quot;\\\\5FAE软雅黑&quot;, SimSun, &quot;\\\\5B8B体&quot;, Arial; font-size: 18px; letter-spacing: 1px;\">\r\n	<img alt=\"徐悲鸿《奴隶与狮》 局部\" data-link=\"\" src=\"https://n.sinaimg.cn/news/transform/300/w550h550/20210525/11c6-kqpyffz4881058.jpg\" style=\"margin: 0px auto; padding: 0px; border: 0px none; vertical-align: top; display: block; max-width: 640px;\" /><span class=\"img_descr\" style=\"margin: 5px auto; padding: 6px 0px; line-height: 20px; font-size: 16px; display: inline-block; zoom: 1; text-align: left; font-weight: 700;\">徐悲鸿《奴隶与狮》 局部</span></div>\r\n<div class=\"img_wrapper\" style=\"margin: 0px; padding: 0px; text-align: center; color: rgb(77, 79, 83); font-family: &quot;Hiragino Sans GB&quot;, &quot;Microsoft Yahei&quot;, &quot;\\\\5FAE软雅黑&quot;, SimSun, &quot;\\\\5B8B体&quot;, Arial; font-size: 18px; letter-spacing: 1px;\">\r\n	<img alt=\"徐悲鸿《奴隶与狮》 局部\" data-link=\"\" src=\"https://n.sinaimg.cn/news/transform/300/w550h550/20210525/ebec-kqpyffz4882495.jpg\" style=\"margin: 0px auto; padding: 0px; border: 0px none; vertical-align: top; display: block; max-width: 640px;\" /><span class=\"img_descr\" style=\"margin: 5px auto; padding: 6px 0px; line-height: 20px; font-size: 16px; display: inline-block; zoom: 1; text-align: left; font-weight: 700;\">徐悲鸿《奴隶与狮》 局部</span></div>\r\n<p style=\"margin: 0px 0px 18px; padding: 0px; color: rgb(77, 79, 83); font-family: &quot;Hiragino Sans GB&quot;, &quot;Microsoft Yahei&quot;, &quot;\\\\5FAE软雅黑&quot;, SimSun, &quot;\\\\5B8B体&quot;, Arial; font-size: 18px; letter-spacing: 1px;\">\r\n	　　据拍卖前的介绍，该作是私人藏家手中尺幅最大的徐悲鸿油画，徐悲鸿主题性油画极为罕见稀缺，市场上有史以来出现不超过6件。</p>\r\n<p style=\"margin: 0px 0px 18px; padding: 0px; color: rgb(77, 79, 83); font-family: &quot;Hiragino Sans GB&quot;, &quot;Microsoft Yahei&quot;, &quot;\\\\5FAE软雅黑&quot;, SimSun, &quot;\\\\5B8B体&quot;, Arial; font-size: 18px; letter-spacing: 1px;\">\r\n	　　徐悲鸿常以狮子寄托他对国家崛起的信念。狮子虽然是猛兽，但其性和易，与虎豹不同，所以被称为兽王。徐悲鸿还创作过数十副以狮子为题材的中国画巨作，例如《狮吼》，《负伤之狮》（1938年）、《会师东京》（1943年）等等等重要作品贯穿其一生。</p>\r\n<p style=\"margin: 0px 0px 18px; padding: 0px; color: rgb(77, 79, 83); font-family: &quot;Hiragino Sans GB&quot;, &quot;Microsoft Yahei&quot;, &quot;\\\\5FAE软雅黑&quot;, SimSun, &quot;\\\\5B8B体&quot;, Arial; font-size: 18px; letter-spacing: 1px;\">\r\n	　　据称，《奴隶与狮》曾参加新加坡国家美术馆&ldquo;徐悲鸿在南洋&rdquo;大展，同年的素描草图收藏于北京徐悲鸿纪念展馆。</p>\r\n<div class=\"img_wrapper\" style=\"margin: 0px; padding: 0px; text-align: center; color: rgb(77, 79, 83); font-family: &quot;Hiragino Sans GB&quot;, &quot;Microsoft Yahei&quot;, &quot;\\\\5FAE软雅黑&quot;, SimSun, &quot;\\\\5B8B体&quot;, Arial; font-size: 18px; letter-spacing: 1px;\">\r\n	<img alt=\"徐悲鸿（1895-1953） 《奴隶与狮》， 素描，47.5 x 63 cm.，1924年。北京徐悲鸿美术馆藏\" data-link=\"\" src=\"https://n.sinaimg.cn/news/transform/98/w512h386/20210525/252e-kqpyffz4885014.jpg\" style=\"margin: 0px auto; padding: 0px; border: 0px none; vertical-align: top; display: block; max-width: 640px;\" /><span class=\"img_descr\" style=\"margin: 5px auto; padding: 6px 0px; line-height: 20px; font-size: 16px; display: inline-block; zoom: 1; text-align: left; font-weight: 700;\">徐悲鸿（1895-1953） 《奴隶与狮》， 素描，47.5 x 63 cm。，1924年。北京徐悲鸿美术馆藏</span></div>\r\n<p style=\"margin: 0px 0px 18px; padding: 0px; color: rgb(77, 79, 83); font-family: &quot;Hiragino Sans GB&quot;, &quot;Microsoft Yahei&quot;, &quot;\\\\5FAE软雅黑&quot;, SimSun, &quot;\\\\5B8B体&quot;, Arial; font-size: 18px; letter-spacing: 1px;\">\r\n	　　在《奴隶与狮》专场前举行的佳士得香港春拍二十及二十一世纪艺术晚间拍卖中，张大千《碧峰古寺》以1.8亿港元落槌，含佣金以209，100，000港元成交，位居张大千作品第二高价。据介绍，《碧峰古寺》中张大千以鲜艳的石青、石绿泼洒于华丽的金笺，使这幅瑰丽的巨碑式泼彩山水被视为张大千巴西时期最具代表性的作品之一。</p>\r\n<div class=\"img_wrapper\" style=\"margin: 0px; padding: 0px; text-align: center; color: rgb(77, 79, 83); font-family: &quot;Hiragino Sans GB&quot;, &quot;Microsoft Yahei&quot;, &quot;\\\\5FAE软雅黑&quot;, SimSun, &quot;\\\\5B8B体&quot;, Arial; font-size: 18px; letter-spacing: 1px;\">\r\n	<img alt=\"张大千（1899-1983）《碧峰古寺》 设色金笺 立轴 1967年作\" data-link=\"\" src=\"https://n.sinaimg.cn/news/transform/72/w550h1122/20210525/e2a5-kqpyffz4887110.jpg\" style=\"margin: 0px auto; padding: 0px; border: 0px none; vertical-align: top; display: block; max-width: 640px;\" /><span class=\"img_descr\" style=\"margin: 5px auto; padding: 6px 0px; line-height: 20px; font-size: 16px; display: inline-block; zoom: 1; text-align: left; font-weight: 700;\">张大千（1899-1983）《碧峰古寺》 设色金笺 立轴 1967年作</span></div>', NULL, 'furfur', '2021-05-25 15:51:40', NULL);
INSERT INTO `news_detail` VALUES (36, 2, '俄罗斯一架载28人安-26飞机失联 俄媒称可能已坠海', '一架载有20余人的安-26运输机当天在勘察加失联。法新社称，机上载28人。', '<p font-size:=\"\" hiragino=\"\" letter-spacing:=\"\" microsoft=\"\" sans=\"\" style=\"margin: 0px 0px 18px; padding: 0px; color: rgb(77, 79, 83); font-family: \">\r\n	原标题：快讯！俄罗斯一架载28人安-26飞机失联，俄媒称可能已坠海</p>\r\n<div class=\"img_wrapper\" font-size:=\"\" hiragino=\"\" letter-spacing:=\"\" microsoft=\"\" sans=\"\" style=\"margin: 0px; padding: 0px; text-align: center; color: rgb(77, 79, 83); font-family: \">\r\n	<img alt=\"俄罗斯卫星网报道截图\" data-link=\"\" src=\"https://n.sinaimg.cn/default/crawl/48/w550h298/20210706/5d4e-ksmehzs7645277.png\" style=\"margin: 0px auto; padding: 0px; border: 0px none; vertical-align: top; display: block; max-width: 640px;\" /><span class=\"img_descr\" style=\"margin: 5px auto; padding: 6px 0px; line-height: 20px; font-size: 16px; display: inline-block; zoom: 1; text-align: left; font-weight: 700;\">俄罗斯卫星网报道截图</span></div>\r\n<p font-size:=\"\" hiragino=\"\" letter-spacing:=\"\" microsoft=\"\" sans=\"\" style=\"margin: 0px 0px 18px; padding: 0px; color: rgb(77, 79, 83); font-family: \">\r\n	　　俄罗斯卫星网刚刚消息称，据俄罗斯紧急情况部门6日消息，一架载有20余人的安-26运输机当天在勘察加失联。法新社称，机上载28人。</p>\r\n<div class=\"img_wrapper\" font-size:=\"\" hiragino=\"\" letter-spacing:=\"\" microsoft=\"\" sans=\"\" style=\"margin: 0px; padding: 0px; text-align: center; color: rgb(77, 79, 83); font-family: \">\r\n	<img alt=\"法新社报道截图\" data-link=\"\" src=\"https://n.sinaimg.cn/front20210706ac/117/w590h327/20210706/554a-194543d9f2fa1d4d452db64cae57a57d.jpg\" style=\"margin: 0px auto; padding: 0px; border: 0px none; vertical-align: top; display: block; max-width: 640px;\" /><span class=\"img_descr\" style=\"margin: 5px auto; padding: 6px 0px; line-height: 20px; font-size: 16px; display: inline-block; zoom: 1; text-align: left; font-weight: 700;\">法新社报道截图</span></div>\r\n<p font-size:=\"\" hiragino=\"\" letter-spacing:=\"\" microsoft=\"\" sans=\"\" style=\"margin: 0px 0px 18px; padding: 0px; color: rgb(77, 79, 83); font-family: \">\r\n	<br />\r\n	　　俄罗斯国际文传电讯社援引消息人士的话称，初步判断，这架安-26飞机可能已坠入鄂霍次克海。　　俄罗斯紧急情况部门消息称，&ldquo;安-26飞机上有6名机组成员及22名乘客（包括一名儿童）&rdquo;，一架直升机和一支俄罗斯紧急情况部门的队伍正在为搜救行动做准备。</p>\r\n<p font-size:=\"\" hiragino=\"\" letter-spacing:=\"\" microsoft=\"\" sans=\"\" style=\"margin: 0px 0px 18px; padding: 0px; color: rgb(77, 79, 83); font-family: \">\r\n	　　据俄罗斯卫星社报道，本次安-26飞机是从堪察加彼得罗巴甫洛夫斯克飞往帕拉纳的途中失踪。另据《消息报》报道，坠机原因可能是设备故障和能见度差。</p>', NULL, 'admin', '2021-07-06 13:05:20', NULL);
INSERT INTO `news_detail` VALUES (37, 2, '延续打压政策 美拒签中国500余名理工科研究生', '有知情人士接受中国日报独家采访时透露，近日有500多名中国理工科研究生申请赴美签证时被美方拒签', '<p style=\"margin: 0px 0px 18px; padding: 0px; color: rgb(77, 79, 83); font-family: &quot;Hiragino Sans GB&quot;, &quot;Microsoft Yahei&quot;, &quot;\\\\5FAE软雅黑&quot;, SimSun, &quot;\\\\5B8B体&quot;, Arial; font-size: 18px; letter-spacing: 1px;\">\r\n	有知情人士接受中国日报独家采访时透露，近日有500多名中国理工科研究生申请赴美签证时被美方拒签，拜登政府一方面试图顺应美高校要求大量吸收中国留学生的呼声，另一方面说一套做一套，仍延续打压理工科中国研究生和学者的错误政策，&ldquo;严重损害中国留学人员合法权益&rdquo;。知情人士表示：&ldquo;希望有赴美计划的中国学生和学者透过近期美方一系列逆行倒施行径进一步认清美国政府变本加厉打压中美人文交流的政策实质，对赴美留学和访学作出客观、理性的评估和预期，避免自身遭受不必要的损失。&rdquo;（记者 张陨璧）</p>\r\n<div class=\"img_wrapper\" style=\"margin: 0px; padding: 0px; text-align: center; color: rgb(77, 79, 83); font-family: &quot;Hiragino Sans GB&quot;, &quot;Microsoft Yahei&quot;, &quot;\\\\5FAE软雅黑&quot;, SimSun, &quot;\\\\5B8B体&quot;, Arial; font-size: 18px; letter-spacing: 1px;\">\r\n	<img alt=\"\" src=\"https://n.sinaimg.cn/news/transform/176/w550h426/20210706/2b85-ksmehzs7379743.png\" style=\"margin: 0px auto; padding: 0px; border: 0px none; vertical-align: top; display: block; max-width: 640px;\" /></div>\r\n<div>\r\n	&nbsp;</div>', NULL, 'furfur', '2021-07-06 09:20:38', NULL);
INSERT INTO `news_detail` VALUES (39, 9, '美洲杯-内马尔送助攻 巴西1-0进决赛 内马尔希望在决赛碰阿根廷', '巴西凭借着帕奎塔的进球以1-0战胜秘鲁，率先杀进决赛。', '<div class=\"img_wrapper\" style=\"text-align: center; color: rgb(77, 79, 83); font-family: &quot;Hiragino Sans GB&quot;, &quot;Microsoft Yahei&quot;, 微软雅黑, SimSun, 宋体, Arial; font-size: 18px; letter-spacing: 1px;\">\r\n	<img alt=\"内马尔和帕奎塔立功了\" data-link=\"\" src=\"https://n.sinaimg.cn/sports/transform/293/w650h443/20210706/3183-ksmehzs7335989.png\" style=\"border: 0px; vertical-align: top; width: auto; max-width: 640px; display: block; margin: 0px auto;\" /><span class=\"img_descr\" style=\"line-height: 20px; padding: 6px 0px; font-size: 16px; margin: 5px auto; display: inline-block; zoom: 1; text-align: left; font-weight: bold;\">内马尔和帕奎塔立功了</span></div>\r\n<p style=\"margin: 0px 0px 30px; padding: 0px; text-size-adjust: 100%; color: rgb(77, 79, 83); font-family: &quot;Hiragino Sans GB&quot;, &quot;Microsoft Yahei&quot;, 微软雅黑, SimSun, 宋体, Arial; font-size: 18px; letter-spacing: 1px;\">\r\n	　　北京时间7月6日早上7点，美洲杯半决赛第一场开打，东道主巴西主场迎战秘鲁。最终，巴西凭借着帕奎塔的进球以1-0战胜秘鲁，率先杀进决赛。</p>\r\n<div class=\"img_wrapper\" style=\"text-align: center; color: rgb(77, 79, 83); font-family: &quot;Hiragino Sans GB&quot;, &quot;Microsoft Yahei&quot;, 微软雅黑, SimSun, 宋体, Arial; font-size: 18px; letter-spacing: 1px;\">\r\n	<img alt=\"巴西破门\" data-link=\"\" src=\"https://f.sinaimg.cn/sports/transform/738/w488h250/20210706/a806-ksmehzs7336356.gif\" style=\"border: 0px; vertical-align: top; width: auto; max-width: 640px; display: block; margin: 0px auto;\" /><span class=\"img_descr\" style=\"line-height: 20px; padding: 6px 0px; font-size: 16px; margin: 5px auto; display: inline-block; zoom: 1; text-align: left; font-weight: bold;\">巴西破门</span></div>\r\n<p style=\"margin: 0px 0px 30px; padding: 0px; text-size-adjust: 100%; color: rgb(77, 79, 83); font-family: &quot;Hiragino Sans GB&quot;, &quot;Microsoft Yahei&quot;, 微软雅黑, SimSun, 宋体, Arial; font-size: 18px; letter-spacing: 1px;\">\r\n	<br />\r\n	　　下半场，双方各无建树，最终巴西将1-0的比分保持到了比赛结束。巴西率先杀入决赛，桑巴军团的决赛对手将在哥伦比亚与阿根廷之间产生。　　第35分钟，内马尔在左路吸引3人防守之后，连续摆脱过人，随后将球分给了中路的帕奎塔，后者轻松推射破门，巴西1-0取得领先。</p>\r\n<p style=\"margin: 0px 0px 30px; padding: 0px; text-size-adjust: 100%; color: rgb(77, 79, 83); font-family: &quot;Hiragino Sans GB&quot;, &quot;Microsoft Yahei&quot;, 微软雅黑, SimSun, 宋体, Arial; font-size: 18px; letter-spacing: 1px;\">\r\n	　　巴西首发：23-埃德森、16-洛迪、3-蒂亚戈-席尔瓦、4-马尔基尼奥斯、2-达尼洛、5-卡塞米罗、8-弗雷德、17-帕奎塔、7-理查利森、10-内马尔、19-埃弗顿</p>\r\n<p style=\"margin: 0px 0px 30px; padding: 0px; text-size-adjust: 100%; color: rgb(77, 79, 83); font-family: &quot;Hiragino Sans GB&quot;, &quot;Microsoft Yahei&quot;, 微软雅黑, SimSun, 宋体, Arial; font-size: 18px; letter-spacing: 1px;\">\r\n	　　秘鲁首发：1-加莱塞、3-科尔所、4-桑塔玛利亚、15-C-拉莫斯、22-卡伦斯、6-特劳科、13-塔皮亚、19-约顿、8-佩纳、10-奎瓦、9-拉帕杜拉</p>', NULL, 'furfur', '2021-07-06 08:56:10', NULL);
INSERT INTO `news_detail` VALUES (40, 9, '中国女排东京奥运12人名单公布 朱婷队长林莉落选', '中国女排东京奥运会', '<div class=\"img_wrapper\" style=\"text-align: center; color: rgb(77, 79, 83); font-family: &quot;Hiragino Sans GB&quot;, &quot;Microsoft Yahei&quot;, 微软雅黑, SimSun, 宋体, Arial; font-size: 18px; letter-spacing: 1px;\">\r\n	<img alt=\"\" data-link=\"\" src=\"https://n.sinaimg.cn/sports/transform/240/w650h390/20210705/f79e-ksmehzs6921640.png\" style=\"border: 0px none; vertical-align: middle; display: block; margin: 0px auto; max-width: 640px;\" /></div>\r\n<p style=\"margin: 0px 0px 30px; padding: 0px; text-size-adjust: 100%; color: rgb(77, 79, 83); font-family: &quot;Hiragino Sans GB&quot;, &quot;Microsoft Yahei&quot;, 微软雅黑, SimSun, 宋体, Arial; font-size: 18px; letter-spacing: 1px;\">\r\n	<br />\r\n	　　<strong>女子排球项目：</strong>　　根据《中国排球协会2020年东京奥运会排球国家队运动员选拔办法》、《中国排球协会2020年东京奥运会沙滩排球国家队运动员选拔办法》，经严格履行选拔程序并报国家体育总局批准，现公布东京奥运会女子排球项目、女子沙滩排球项目参赛运动员名单如下：</p>\r\n<p style=\"margin: 0px 0px 30px; padding: 0px; text-size-adjust: 100%; color: rgb(77, 79, 83); font-family: &quot;Hiragino Sans GB&quot;, &quot;Microsoft Yahei&quot;, 微软雅黑, SimSun, 宋体, Arial; font-size: 18px; letter-spacing: 1px;\">\r\n	　　朱婷（队长）、袁心玥、龚翔宇、王媛媛、张常宁、刘晓彤、姚迪、李盈莹、丁霞、颜妮、王梦洁、刘晏含</p>\r\n<p style=\"margin: 0px 0px 30px; padding: 0px; text-size-adjust: 100%; color: rgb(77, 79, 83); font-family: &quot;Hiragino Sans GB&quot;, &quot;Microsoft Yahei&quot;, 微软雅黑, SimSun, 宋体, Arial; font-size: 18px; letter-spacing: 1px;\">\r\n	　　<strong>女子沙滩排球项目：</strong></p>\r\n<p style=\"margin: 0px 0px 30px; padding: 0px; text-size-adjust: 100%; color: rgb(77, 79, 83); font-family: &quot;Hiragino Sans GB&quot;, &quot;Microsoft Yahei&quot;, 微软雅黑, SimSun, 宋体, Arial; font-size: 18px; letter-spacing: 1px;\">\r\n	　　王凡、夏欣怡、薛晨、王鑫鑫</p>', NULL, 'admin', '2021-07-05 19:45:10', NULL);
INSERT INTO `news_detail` VALUES (41, 4, '民进党“头号军师”：搞“台独”美国根本不赞成', '“要宣布‘独立’不是台湾人自己能决定的……甭说中国大陆，美国根本就不赞成”。', '<p cms-style=\"font-L\" style=\"margin: 0px 0px 18px; padding: 0px; font-size: 18px; color: rgb(0, 0, 0); font-family: &quot;Hiragino Sans GB&quot;, &quot;Microsoft Yahei&quot;, &quot;\\\\5FAE软雅黑&quot;, SimSun, &quot;\\\\5B8B体&quot;, Arial; letter-spacing: 1px;\">\r\n	&ldquo;要宣布&lsquo;独立&rsquo;不是台湾人自己能决定的&hellip;&hellip;甭说中国大陆，美国根本就不赞成&rdquo;。</p>\r\n<p cms-style=\"font-L\" style=\"margin: 0px 0px 18px; padding: 0px; font-size: 18px; color: rgb(0, 0, 0); font-family: &quot;Hiragino Sans GB&quot;, &quot;Microsoft Yahei&quot;, &quot;\\\\5FAE软雅黑&quot;, SimSun, &quot;\\\\5B8B体&quot;, Arial; letter-spacing: 1px;\">\r\n	　　上述言论出自被民进党视为&ldquo;头号军师&rdquo;的邱义仁之口，这与民进党当局上台后反复叫嚣&ldquo;台海战争&rdquo;、谋求&ldquo;台独&rdquo;分裂的态度形成了鲜明对比。对此，有网友则毫不客气地讽刺说，&ldquo;台独&rdquo;与&ldquo;民主&rdquo;都是无本好生意，用来夺权、谋财。</p>\r\n<div class=\"img_wrapper\" style=\"margin: 0px; padding: 0px; text-align: center; color: rgb(77, 79, 83); font-family: &quot;Hiragino Sans GB&quot;, &quot;Microsoft Yahei&quot;, &quot;\\\\5FAE软雅黑&quot;, SimSun, &quot;\\\\5B8B体&quot;, Arial; font-size: 18px; letter-spacing: 1px;\">\r\n	<img alt=\"邱义仁 图自台媒\" id=\"0\" src=\"https://n.sinaimg.cn/sinakd202175s/622/w800h622/20210705/9aeb-krwipas6916815.jpg\" style=\"margin: 0px auto; padding: 0px; border: 0px none; vertical-align: top; max-width: 640px; display: block;\" /><span class=\"img_descr\" style=\"margin: 5px auto; padding: 6px 0px; line-height: 20px; font-size: 16px; display: inline-block; zoom: 1; text-align: left; font-weight: 700;\"><font cms-style=\"font-L align-Center\" style=\"font-size: 18px; color: rgb(0, 0, 0); text-align: center !important;\">邱义仁 图自台媒</font></span></div>\r\n<p cms-style=\"font-L\" style=\"margin: 0px 0px 18px; padding: 0px; font-size: 18px; color: rgb(0, 0, 0); font-family: &quot;Hiragino Sans GB&quot;, &quot;Microsoft Yahei&quot;, &quot;\\\\5FAE软雅黑&quot;, SimSun, &quot;\\\\5B8B体&quot;, Arial; letter-spacing: 1px;\">\r\n	　　台媒&ldquo;中时电子报&rdquo;报道称，7月4日，难得露脸的邱义仁应邀参加陈水扁主持的广播节目，陈水扁还将其形容为民进党的&ldquo;头号军师&rdquo;。</p>\r\n<p cms-style=\"font-L\" style=\"margin: 0px 0px 18px; padding: 0px; font-size: 18px; color: rgb(0, 0, 0); font-family: &quot;Hiragino Sans GB&quot;, &quot;Microsoft Yahei&quot;, &quot;\\\\5FAE软雅黑&quot;, SimSun, &quot;\\\\5B8B体&quot;, Arial; letter-spacing: 1px;\">\r\n	　　当天陈水扁在发问时提到，为何邱义仁曾在两个不同场合就&ldquo;台独&rdquo;的表态有明显差异。一个是在民进党就&ldquo;要不要拿掉&lsquo;台独&rsquo;党纲&rdquo;辩论时，邱义仁坚称反对修改党纲。另一个是邱义仁去年在美国乔治城大学研讨会上在谈及&ldquo;台独&rdquo;时曾直言，&ldquo;台湾务实的政治人物不会这么做，除非疯了；哪怕如陈水扁最后也会踩煞车&rdquo;。</p>\r\n<p cms-style=\"font-L\" style=\"margin: 0px 0px 18px; padding: 0px; font-size: 18px; color: rgb(0, 0, 0); font-family: &quot;Hiragino Sans GB&quot;, &quot;Microsoft Yahei&quot;, &quot;\\\\5FAE软雅黑&quot;, SimSun, &quot;\\\\5B8B体&quot;, Arial; letter-spacing: 1px;\">\r\n	　　对此，邱义仁在当天在节目上辩解说，他在研讨会上指的是&ldquo;宣布&lsquo;台独&rsquo;，现在不适当。&rdquo;。而对于民进党的主张来说，这是&ldquo;目标&rdquo;。</p>\r\n<p cms-style=\"font-L\" style=\"margin: 0px 0px 18px; padding: 0px; font-size: 18px; color: rgb(0, 0, 0); font-family: &quot;Hiragino Sans GB&quot;, &quot;Microsoft Yahei&quot;, &quot;\\\\5FAE软雅黑&quot;, SimSun, &quot;\\\\5B8B体&quot;, Arial; letter-spacing: 1px;\">\r\n	　　邱义仁进一步补充说，作为台湾当局，要考量实际上的&ldquo;对外关系&rdquo;，台湾要宣布&ldquo;独立&rdquo;这个事情，&ldquo;不是台湾人民可以自己决定的&rdquo;。</p>\r\n<p cms-style=\"font-L\" style=\"margin: 0px 0px 18px; padding: 0px; font-size: 18px; color: rgb(0, 0, 0); font-family: &quot;Hiragino Sans GB&quot;, &quot;Microsoft Yahei&quot;, &quot;\\\\5FAE软雅黑&quot;, SimSun, &quot;\\\\5B8B体&quot;, Arial; letter-spacing: 1px;\">\r\n	　　&ldquo;这要考虑国际形势，考虑中国大陆可能的作为&rdquo;，邱义仁表示，<font cms-style=\"font-L strong-Bold\" style=\"font-weight: 800 !important;\">&ldquo;甭说中国大陆会打我们，据我的了解，美国根本就不赞成&rdquo;。</font></p>\r\n<p cms-style=\"font-L\" style=\"margin: 0px 0px 18px; padding: 0px; font-size: 18px; color: rgb(0, 0, 0); font-family: &quot;Hiragino Sans GB&quot;, &quot;Microsoft Yahei&quot;, &quot;\\\\5FAE软雅黑&quot;, SimSun, &quot;\\\\5B8B体&quot;, Arial; letter-spacing: 1px;\">\r\n	　　邱义仁曾在陈水扁任期内，担任过台&ldquo;国安会秘书长&rdquo;、&ldquo;行政院秘书长&rdquo;、&ldquo;总统府秘书长&rdquo;、以及&ldquo;行政院副院长&rdquo;等职，并多次担任民进党的选举操盘手，现任&ldquo;台湾日本关系协会&rdquo;会长。</p>\r\n<p cms-style=\"font-L\" style=\"margin: 0px 0px 18px; padding: 0px; font-size: 18px; color: rgb(0, 0, 0); font-family: &quot;Hiragino Sans GB&quot;, &quot;Microsoft Yahei&quot;, &quot;\\\\5FAE软雅黑&quot;, SimSun, &quot;\\\\5B8B体&quot;, Arial; letter-spacing: 1px;\">\r\n	　　对于邱义仁的此番表态，有台湾网友直言不讳地指出，&ldquo;美国不赞成&lsquo;台独&rsquo;这点，难道民进党现在才知道吗？&rdquo;还不就是为了自身的政治利益，骗取政权罢了。</p>\r\n<div class=\"img_wrapper\" style=\"margin: 0px; padding: 0px; text-align: center; color: rgb(77, 79, 83); font-family: &quot;Hiragino Sans GB&quot;, &quot;Microsoft Yahei&quot;, &quot;\\\\5FAE软雅黑&quot;, SimSun, &quot;\\\\5B8B体&quot;, Arial; font-size: 18px; letter-spacing: 1px;\">\r\n	<img alt=\"\" id=\"1\" src=\"https://n.sinaimg.cn/sinakd202175s/785/w662h123/20210705/3b2f-krwipas6916813.png\" style=\"margin: 0px auto; padding: 0px; border: 0px none; vertical-align: top; max-width: 640px; display: block;\" /></div>\r\n<p cms-style=\"font-L\" style=\"margin: 0px 0px 18px; padding: 0px; font-size: 18px; color: rgb(0, 0, 0); font-family: &quot;Hiragino Sans GB&quot;, &quot;Microsoft Yahei&quot;, &quot;\\\\5FAE软雅黑&quot;, SimSun, &quot;\\\\5B8B体&quot;, Arial; letter-spacing: 1px;\">\r\n	　　还有人讽刺说，&ldquo;&lsquo;台独&rsquo;和&lsquo;民主&rsquo;都是无本好生意，用来夺权、谋财，现在还害命。&rdquo;</p>\r\n<div class=\"img_wrapper\" style=\"margin: 0px; padding: 0px; text-align: center; color: rgb(77, 79, 83); font-family: &quot;Hiragino Sans GB&quot;, &quot;Microsoft Yahei&quot;, &quot;\\\\5FAE软雅黑&quot;, SimSun, &quot;\\\\5B8B体&quot;, Arial; font-size: 18px; letter-spacing: 1px;\">\r\n	<img alt=\"\" id=\"2\" src=\"https://n.sinaimg.cn/sinakd202175s/758/w694h64/20210705/149c-krwipas6916871.png\" style=\"margin: 0px auto; padding: 0px; border: 0px none; vertical-align: top; max-width: 640px; display: block;\" /></div>\r\n<p cms-style=\"font-L\" style=\"margin: 0px 0px 18px; padding: 0px; font-size: 18px; color: rgb(0, 0, 0); font-family: &quot;Hiragino Sans GB&quot;, &quot;Microsoft Yahei&quot;, &quot;\\\\5FAE软雅黑&quot;, SimSun, &quot;\\\\5B8B体&quot;, Arial; letter-spacing: 1px;\">\r\n	　　民进党天天叫嚣&ldquo;台独&rdquo;，先借此骗骗选票，骗完再把话圆回来，只有&ldquo;如此循环才能生存下去&rdquo;。</p>\r\n<div class=\"img_wrapper\" style=\"margin: 0px; padding: 0px; text-align: center; color: rgb(77, 79, 83); font-family: &quot;Hiragino Sans GB&quot;, &quot;Microsoft Yahei&quot;, &quot;\\\\5FAE软雅黑&quot;, SimSun, &quot;\\\\5B8B体&quot;, Arial; font-size: 18px; letter-spacing: 1px;\">\r\n	<img alt=\"\" id=\"3\" src=\"https://n.sinaimg.cn/sinakd202175s/709/w623h86/20210705/5a20-krwipas6916870.png\" style=\"margin: 0px auto; padding: 0px; border: 0px none; vertical-align: top; max-width: 640px; display: block;\" /></div>\r\n<div class=\"img_wrapper\" style=\"margin: 0px; padding: 0px; text-align: center; color: rgb(77, 79, 83); font-family: &quot;Hiragino Sans GB&quot;, &quot;Microsoft Yahei&quot;, &quot;\\\\5FAE软雅黑&quot;, SimSun, &quot;\\\\5B8B体&quot;, Arial; font-size: 18px; letter-spacing: 1px;\">\r\n	<img alt=\"\" id=\"4\" src=\"https://n.sinaimg.cn/sinakd202175s/40/w673h167/20210705/4b40-krwipas6916929.png\" style=\"margin: 0px auto; padding: 0px; border: 0px none; vertical-align: top; max-width: 640px; display: block;\" /></div>\r\n<div>\r\n	&nbsp;</div>', NULL, 'furfur', '2021-07-05 15:33:10', NULL);
INSERT INTO `news_detail` VALUES (42, 2, '美军撤出驻阿最大军事基地 政府军2小时后才发现', '美国阿富汗撤军行动', '<p style=\"margin: 0px 0px 18px; padding: 0px; color: rgb(77, 79, 83); font-family: &quot;Hiragino Sans GB&quot;, &quot;Microsoft Yahei&quot;, &quot;\\\\5FAE软雅黑&quot;, SimSun, &quot;\\\\5B8B体&quot;, Arial; font-size: 18px; letter-spacing: 1px;\">\r\n	作为美国阿富汗撤军行动的一部分，美军在阿最大军事基地巴格拉姆空军基地在当地时间7月1日被正式移交给了阿富汗政府军。不过从阿富汗方面事后的反馈来看，这次&ldquo;移交&rdquo;过程中却发生了一些颇为耐人寻味的&ldquo;乌龙&rdquo;。</p>\r\n<p style=\"margin: 0px 0px 18px; padding: 0px; color: rgb(77, 79, 83); font-family: &quot;Hiragino Sans GB&quot;, &quot;Microsoft Yahei&quot;, &quot;\\\\5FAE软雅黑&quot;, SimSun, &quot;\\\\5B8B体&quot;, Arial; font-size: 18px; letter-spacing: 1px;\">\r\n	　　美联社7月6日援引阿富汗军方的消息称，巴格拉姆空军基地的美军部队在正式撤离之前并没有通知阿富汗政府军，而是&ldquo;在夜间关掉电源不辞而别&rdquo;，以至于阿富汗军方直到两个小时之后才发现美国人已经撤走。</p>\r\n<div class=\"img_wrapper\" style=\"margin: 0px; padding: 0px; text-align: center; color: rgb(77, 79, 83); font-family: &quot;Hiragino Sans GB&quot;, &quot;Microsoft Yahei&quot;, &quot;\\\\5FAE软雅黑&quot;, SimSun, &quot;\\\\5B8B体&quot;, Arial; font-size: 18px; letter-spacing: 1px;\">\r\n	<img alt=\"美联社报道截图\" id=\"0\" src=\"https://n.sinaimg.cn/sinakd202176s/402/w958h244/20210706/d58b-ksmehzs7503219.png\" style=\"margin: 0px auto; padding: 0px; border: 0px none; vertical-align: top; display: block; max-width: 640px;\" /><span class=\"img_descr\" style=\"margin: 5px auto; padding: 6px 0px; line-height: 20px; font-size: 16px; display: inline-block; zoom: 1; text-align: left; font-weight: 700;\"><font cms-style=\"align-Center\" style=\"text-align: center !important;\">美联社报道截图</font></span></div>\r\n<p style=\"margin: 0px 0px 18px; padding: 0px; color: rgb(77, 79, 83); font-family: &quot;Hiragino Sans GB&quot;, &quot;Microsoft Yahei&quot;, &quot;\\\\5FAE软雅黑&quot;, SimSun, &quot;\\\\5B8B体&quot;, Arial; font-size: 18px; letter-spacing: 1px;\">\r\n	　　&ldquo;我们先是听到一些传言，说美军已经撤离了巴格拉姆&hellip;&hellip;最后，我们在早上7点钟正式确认美国人已经走了。&rdquo;巴格拉姆空军基地的新任指挥官柯希斯塔尼（Asadullah Kohistani）说。</p>\r\n<p style=\"margin: 0px 0px 18px; padding: 0px; color: rgb(77, 79, 83); font-family: &quot;Hiragino Sans GB&quot;, &quot;Microsoft Yahei&quot;, &quot;\\\\5FAE软雅黑&quot;, SimSun, &quot;\\\\5B8B体&quot;, Arial; font-size: 18px; letter-spacing: 1px;\">\r\n	　　美国军方发言人桑尼&sdot;莱格特（Sonny Leggett）并没有对阿富汗方面的抱怨做出回应，而是援引上周的一份声明称&ldquo;巴格拉姆空军基地的移交工作在拜登宣布从阿富汗撤军开始就在进行，并且撤军行动得到了与阿富汗领导人的相互配合&rdquo;。</p>\r\n<p style=\"margin: 0px 0px 18px; padding: 0px; color: rgb(77, 79, 83); font-family: &quot;Hiragino Sans GB&quot;, &quot;Microsoft Yahei&quot;, &quot;\\\\5FAE软雅黑&quot;, SimSun, &quot;\\\\5B8B体&quot;, Arial; font-size: 18px; letter-spacing: 1px;\">\r\n	　　更让人摸不着头脑的是，阿富汗军方官员声称，从美军撤离到阿富汗政府军确认消息这短短两个小时的时间里，有一伙身份不明的&ldquo;掠夺者&rdquo;竟&ldquo;捷足先登&rdquo;，先一步踏入了巴格拉姆空军基地。</p>\r\n<p style=\"margin: 0px 0px 18px; padding: 0px; color: rgb(77, 79, 83); font-family: &quot;Hiragino Sans GB&quot;, &quot;Microsoft Yahei&quot;, &quot;\\\\5FAE软雅黑&quot;, SimSun, &quot;\\\\5B8B体&quot;, Arial; font-size: 18px; letter-spacing: 1px;\">\r\n	　　阿富汗方面称，这伙人在进入基地后&ldquo;把营房和巨大的储物帐篷挨个洗劫了一遍，然后才被赶了出去&rdquo;。</p>\r\n<p style=\"margin: 0px 0px 18px; padding: 0px; color: rgb(77, 79, 83); font-family: &quot;Hiragino Sans GB&quot;, &quot;Microsoft Yahei&quot;, &quot;\\\\5FAE软雅黑&quot;, SimSun, &quot;\\\\5B8B体&quot;, Arial; font-size: 18px; letter-spacing: 1px;\">\r\n	　　&ldquo;起初我们以为他们是塔利班。&rdquo;一名叫阿卜杜勒&middot;拉乌夫（Abdul Raouf）的阿军士兵说。值得一提的是，巴格拉姆空军基地包含了一座名为&ldquo;帕尔旺拘留所&rdquo;的军事监狱，狱中囚犯有很多都被认为是塔利班组织成员。</p>\r\n<p style=\"margin: 0px 0px 18px; padding: 0px; color: rgb(77, 79, 83); font-family: &quot;Hiragino Sans GB&quot;, &quot;Microsoft Yahei&quot;, &quot;\\\\5FAE软雅黑&quot;, SimSun, &quot;\\\\5B8B体&quot;, Arial; font-size: 18px; letter-spacing: 1px;\">\r\n	　　根据拉乌夫的说法，巴格拉姆空军基地的电力在美军撤离20分钟后被中断，而突如其来的黑暗&ldquo;就像是向掠夺者发出的信号&rdquo;，后者随即从基地北部冲破屏障闯了进来，并开始&ldquo;将任何没有被固定住的东西装进卡车&rdquo;。</p>\r\n<p style=\"margin: 0px 0px 18px; padding: 0px; color: rgb(77, 79, 83); font-family: &quot;Hiragino Sans GB&quot;, &quot;Microsoft Yahei&quot;, &quot;\\\\5FAE软雅黑&quot;, SimSun, &quot;\\\\5B8B体&quot;, Arial; font-size: 18px; letter-spacing: 1px;\">\r\n	<br />\r\n	　　直到三天之后的7月4日，阿富汗士兵仍在基地里收集并清理成堆的垃圾，其中包括被之前的掠夺者们留下的空水瓶、空罐头和能量饮料瓶等。　　柯希斯塔尼称，美军在撤离前带走了所有的重武器，炸毁了这些重武器的弹药，并给他们留下了小型武器、弹药和大量饮用水、能量饮料、军用即食口粮（MRE）和其他零零碎碎共计350万件物品，以及数千辆民用车辆和数百辆装甲车，其中许多甚至连启动钥匙都没有。</p>\r\n<p style=\"margin: 0px 0px 18px; padding: 0px; color: rgb(77, 79, 83); font-family: &quot;Hiragino Sans GB&quot;, &quot;Microsoft Yahei&quot;, &quot;\\\\5FAE软雅黑&quot;, SimSun, &quot;\\\\5B8B体&quot;, Arial; font-size: 18px; letter-spacing: 1px;\">\r\n	　　另一名叫内马图拉（Naematullah）的士兵也对美军撤离阿富汗的方式感到不满：&ldquo;一夜之间他们就失去了20年来所有的善意，用这种方式走人了，甚至都没有通知在外围地区巡逻的阿富汗士兵。&rdquo;</p>\r\n<p style=\"margin: 0px 0px 18px; padding: 0px; color: rgb(77, 79, 83); font-family: &quot;Hiragino Sans GB&quot;, &quot;Microsoft Yahei&quot;, &quot;\\\\5FAE软雅黑&quot;, SimSun, &quot;\\\\5B8B体&quot;, Arial; font-size: 18px; letter-spacing: 1px;\">\r\n	　　尽管发生了上述&ldquo;乌龙&rdquo;事件，同时塔利班组织控制的地盘连日以来正不断扩大，但柯希斯塔尼还是坚持表示，阿富汗政府军有能力守住重要并且&ldquo;戒备森严&rdquo;的军事基地。</p>\r\n<p style=\"margin: 0px 0px 18px; padding: 0px; color: rgb(77, 79, 83); font-family: &quot;Hiragino Sans GB&quot;, &quot;Microsoft Yahei&quot;, &quot;\\\\5FAE软雅黑&quot;, SimSun, &quot;\\\\5B8B体&quot;, Arial; font-size: 18px; letter-spacing: 1px;\">\r\n	　　他说，美国和北约近20年来在阿富汗的干预&ldquo;值得赞赏&rdquo;，但&ldquo;现在是阿富汗人自己站出来的时候了&rdquo;。</p>\r\n<p style=\"margin: 0px 0px 18px; padding: 0px; color: rgb(77, 79, 83); font-family: &quot;Hiragino Sans GB&quot;, &quot;Microsoft Yahei&quot;, &quot;\\\\5FAE软雅黑&quot;, SimSun, &quot;\\\\5B8B体&quot;, Arial; font-size: 18px; letter-spacing: 1px;\">\r\n	　　&ldquo;我们必须要解决自己的问题、确保自己的国家安全、并用自己的双手重建自己的国家。&rdquo;柯希斯塔尼说。</p>', NULL, 'furfur', '2021-07-06 10:59:21', NULL);
INSERT INTO `news_detail` VALUES (44, 9, '欧洲杯-莫拉塔扳平失点 意大利点胜西班牙进决赛', '意大利第4次打入欧洲杯决赛。', '<p style=\"margin: 0px 0px 30px; padding: 0px; text-size-adjust: 100%; color: rgb(77, 79, 83); font-family: &quot;Hiragino Sans GB&quot;, &quot;Microsoft Yahei&quot;, 微软雅黑, SimSun, 宋体, Arial; font-size: 18px; letter-spacing: 1px;\">\r\n	北京时间7月7日03:00(英国当地时间6日20:00)，2020欧洲杯一场半决赛在温布利球场展开争夺，意大利通过点球战总分5-3淘汰西班牙。基耶萨打破僵局，莫拉塔扳平。奥尔默和莫拉塔点球大战中射丢。意大利第4次打入欧洲杯决赛。[<a href=\"https://lottery.sina.com.cn/football/?from=zwy\" style=\"text-decoration-line: none; outline: 0px; -webkit-tap-highlight-color: transparent; color: rgb(221, 0, 0); cursor: pointer;\" target=\"_blank\">欧洲杯最后2场!看专家预测盈利翻倍!</a>][<a href=\"http://lottery.sina.com.cn/ai/app/download/?from=zwy\" style=\"text-decoration-line: none; outline: 0px; -webkit-tap-highlight-color: transparent; color: rgb(221, 0, 0); cursor: pointer;\" target=\"_blank\">下载APP</a>]</p>\r\n<p style=\"margin: 0px 0px 30px; padding: 0px; text-size-adjust: 100%; color: rgb(77, 79, 83); font-family: &quot;Hiragino Sans GB&quot;, &quot;Microsoft Yahei&quot;, 微软雅黑, SimSun, 宋体, Arial; font-size: 18px; letter-spacing: 1px;\">\r\n	　　这是两队第38次交手，此前各自取得11胜15平11负。在其中12场正式比赛中，意大利4胜6平2负。两队在大赛单场淘汰赛中5次碰面，西班牙3胜2负，其中2次是点球决胜，一次是2012年决赛。西班牙期待第5次杀入决赛，意大利此前3次打入决赛。意大利仅用埃莫森轮换出场。西班牙轮换3人，奥尔默、奥雅萨巴尔和加西亚出战。</p>\r\n<div class=\"img_wrapper\" style=\"text-align: center; color: rgb(77, 79, 83); font-family: &quot;Hiragino Sans GB&quot;, &quot;Microsoft Yahei&quot;, 微软雅黑, SimSun, 宋体, Arial; font-size: 18px; letter-spacing: 1px;\">\r\n	<img alt=\"\" data-link=\"\" src=\"https://n.sinaimg.cn/sports/transform/211/w620h391/20210707/a33d-ksmehzs8245824.jpg\" style=\"border: 0px; vertical-align: top; width: auto; max-width: 640px; display: block; margin: 0px auto;\" /></div>\r\n<div class=\"img_wrapper\" style=\"text-align: center; color: rgb(77, 79, 83); font-family: &quot;Hiragino Sans GB&quot;, &quot;Microsoft Yahei&quot;, 微软雅黑, SimSun, 宋体, Arial; font-size: 18px; letter-spacing: 1px;\">\r\n	<img alt=\"\" data-link=\"\" src=\"https://n.sinaimg.cn/sports/transform/192/w620h372/20210707/dc61-ksmehzs8245843.jpg\" style=\"border: 0px; vertical-align: top; width: auto; max-width: 640px; display: block; margin: 0px auto;\" /></div>\r\n<div class=\"img_wrapper\" style=\"text-align: center; color: rgb(77, 79, 83); font-family: &quot;Hiragino Sans GB&quot;, &quot;Microsoft Yahei&quot;, 微软雅黑, SimSun, 宋体, Arial; font-size: 18px; letter-spacing: 1px;\">\r\n	<img alt=\"\" data-link=\"\" src=\"https://n.sinaimg.cn/sports/transform/276/w650h426/20210707/376f-ksmehzs8253192.jpg\" style=\"border: 0px; vertical-align: top; width: auto; max-width: 640px; display: block; margin: 0px auto;\" /></div>\r\n<p style=\"margin: 0px 0px 30px; padding: 0px; text-size-adjust: 100%; color: rgb(77, 79, 83); font-family: &quot;Hiragino Sans GB&quot;, &quot;Microsoft Yahei&quot;, 微软雅黑, SimSun, 宋体, Arial; font-size: 18px; letter-spacing: 1px;\">\r\n	　　西班牙开场后控制比赛。佩德里直传，奥雅萨巴尔12码处将皮球停在身后错过单刀机会。埃莫森左路踢墙配合展开反击，西蒙冒失出击，但巴雷拉禁区弧内错过射空门机会。第25分钟，奥尔默射门被封堵后12码处再射被唐纳鲁马扑出。因西涅传球，埃莫森禁区左侧小角度射门打中横梁。</p>\r\n<div class=\"img_wrapper\" style=\"text-align: center; color: rgb(77, 79, 83); font-family: &quot;Hiragino Sans GB&quot;, &quot;Microsoft Yahei&quot;, 微软雅黑, SimSun, 宋体, Arial; font-size: 18px; letter-spacing: 1px;\">\r\n	<img alt=\"奥雅萨巴尔错过单刀机会\" data-link=\"\" src=\"https://n.sinaimg.cn/sports/transform/669/w474h195/20210707/c998-684e33bcee062b9fba38d11e94b290b0.gif\" style=\"border: 0px; vertical-align: top; width: auto; max-width: 640px; display: block; margin: 0px auto;\" /><span class=\"img_descr\" style=\"line-height: 20px; padding: 6px 0px; font-size: 12px; margin: 5px auto; display: inline-block; zoom: 1; text-align: left; font-weight: bold;\">奥雅萨巴尔错过单刀机会</span></div>\r\n<div class=\"img_wrapper\" style=\"text-align: center; color: rgb(77, 79, 83); font-family: &quot;Hiragino Sans GB&quot;, &quot;Microsoft Yahei&quot;, 微软雅黑, SimSun, 宋体, Arial; font-size: 18px; letter-spacing: 1px;\">\r\n	<img alt=\"西蒙冒失出击，巴雷拉错过射门机会\" data-link=\"\" src=\"https://f.sinaimg.cn/sports/transform/669/w474h195/20210707/67b9-ksmehzs8250425.gif\" style=\"border: 0px; vertical-align: top; width: auto; max-width: 640px; display: block; margin: 0px auto;\" /><span class=\"img_descr\" style=\"line-height: 20px; padding: 6px 0px; font-size: 12px; margin: 5px auto; display: inline-block; zoom: 1; text-align: left; font-weight: bold;\">西蒙冒失出击，巴雷拉错过射门机会</span></div>\r\n<div class=\"img_wrapper\" style=\"text-align: center; color: rgb(77, 79, 83); font-family: &quot;Hiragino Sans GB&quot;, &quot;Microsoft Yahei&quot;, 微软雅黑, SimSun, 宋体, Arial; font-size: 18px; letter-spacing: 1px;\">\r\n	<img alt=\"唐纳鲁马救险\" data-link=\"\" src=\"https://n.sinaimg.cn/sports/transform/669/w474h195/20210707/a884-686a496a8d442e9bd962a418aa8c45bc.gif\" style=\"border: 0px; vertical-align: top; width: auto; max-width: 640px; display: block; margin: 0px auto;\" /><span class=\"img_descr\" style=\"line-height: 20px; padding: 6px 0px; font-size: 12px; margin: 5px auto; display: inline-block; zoom: 1; text-align: left; font-weight: bold;\">唐纳鲁马救险</span></div>\r\n<div class=\"img_wrapper\" style=\"text-align: center; color: rgb(77, 79, 83); font-family: &quot;Hiragino Sans GB&quot;, &quot;Microsoft Yahei&quot;, 微软雅黑, SimSun, 宋体, Arial; font-size: 18px; letter-spacing: 1px;\">\r\n	<img alt=\"\" data-link=\"\" src=\"https://n.sinaimg.cn/sports/transform/149/w650h299/20210707/d7eb-58573e42a06b5e76e4ab54c3049d7d69.jpg\" style=\"border: 0px; vertical-align: top; width: auto; max-width: 640px; display: block; margin: 0px auto;\" /></div>\r\n<div class=\"img_wrapper\" style=\"text-align: center; color: rgb(77, 79, 83); font-family: &quot;Hiragino Sans GB&quot;, &quot;Microsoft Yahei&quot;, 微软雅黑, SimSun, 宋体, Arial; font-size: 18px; letter-spacing: 1px;\">\r\n	<img alt=\"埃莫森打中横梁\" data-link=\"\" src=\"https://n.sinaimg.cn/sports/transform/669/w474h195/20210707/46a7-7dde3f2465d664428f85cfbe6ed7fd1a.gif\" style=\"border: 0px; vertical-align: top; width: auto; max-width: 640px; display: block; margin: 0px auto;\" /><span class=\"img_descr\" style=\"line-height: 20px; padding: 6px 0px; font-size: 12px; margin: 5px auto; display: inline-block; zoom: 1; text-align: left; font-weight: bold;\">埃莫森打中横梁</span></div>\r\n<div class=\"img_wrapper\" style=\"text-align: center; color: rgb(77, 79, 83); font-family: &quot;Hiragino Sans GB&quot;, &quot;Microsoft Yahei&quot;, 微软雅黑, SimSun, 宋体, Arial; font-size: 18px; letter-spacing: 1px;\">\r\n	<img alt=\"\" data-link=\"\" src=\"https://n.sinaimg.cn/sports/transform/253/w650h403/20210707/bd5f-d6e7a5dff8ac0a6dba425d8ebebe0417.jpg\" style=\"border: 0px; vertical-align: top; width: auto; max-width: 640px; display: block; margin: 0px auto;\" /></div>\r\n<p style=\"margin: 0px 0px 30px; padding: 0px; text-size-adjust: 100%; color: rgb(77, 79, 83); font-family: &quot;Hiragino Sans GB&quot;, &quot;Microsoft Yahei&quot;, 微软雅黑, SimSun, 宋体, Arial; font-size: 18px; letter-spacing: 1px;\">\r\n	　　下半场。奥雅萨巴尔传球，布斯克茨禁区边缘外射门稍稍高出。巴雷拉传球，基耶萨禁区右侧低射被没收。科凯传球，奥雅萨巴尔禁区前劲射被没收。</p>\r\n<div class=\"img_wrapper\" style=\"text-align: center; color: rgb(77, 79, 83); font-family: &quot;Hiragino Sans GB&quot;, &quot;Microsoft Yahei&quot;, 微软雅黑, SimSun, 宋体, Arial; font-size: 18px; letter-spacing: 1px;\">\r\n	<img alt=\"布斯克茨稍稍射高\" data-link=\"\" src=\"https://n.sinaimg.cn/sports/transform/669/w474h195/20210707/574d-22168746aa14c58dd50a40280c769fbf.gif\" style=\"border: 0px; vertical-align: top; width: auto; max-width: 640px; display: block; margin: 0px auto;\" /><span class=\"img_descr\" style=\"line-height: 20px; padding: 6px 0px; font-size: 12px; margin: 5px auto; display: inline-block; zoom: 1; text-align: left; font-weight: bold;\">布斯克茨稍稍射高</span></div>\r\n<div class=\"img_wrapper\" style=\"text-align: center; color: rgb(77, 79, 83); font-family: &quot;Hiragino Sans GB&quot;, &quot;Microsoft Yahei&quot;, 微软雅黑, SimSun, 宋体, Arial; font-size: 18px; letter-spacing: 1px;\">\r\n	<img alt=\"基耶萨禁区右侧低射被没收\" data-link=\"\" src=\"https://n.sinaimg.cn/sports/transform/669/w474h195/20210707/3f5c-ksmehzs8251039.gif\" style=\"border: 0px; vertical-align: top; width: auto; max-width: 640px; display: block; margin: 0px auto;\" /><span class=\"img_descr\" style=\"line-height: 20px; padding: 6px 0px; font-size: 12px; margin: 5px auto; display: inline-block; zoom: 1; text-align: left; font-weight: bold;\">基耶萨禁区右侧低射被没收</span></div>\r\n<div class=\"img_wrapper\" style=\"text-align: center; color: rgb(77, 79, 83); font-family: &quot;Hiragino Sans GB&quot;, &quot;Microsoft Yahei&quot;, 微软雅黑, SimSun, 宋体, Arial; font-size: 18px; letter-spacing: 1px;\">\r\n	<img alt=\"奥雅萨巴尔远射被没收\" data-link=\"\" src=\"https://n.sinaimg.cn/sports/transform/669/w474h195/20210707/0e03-7c2d29f3f5ef80ea029047f6200bf59d.gif\" style=\"border: 0px; vertical-align: top; width: auto; max-width: 640px; display: block; margin: 0px auto;\" /><span class=\"img_descr\" style=\"line-height: 20px; padding: 6px 0px; font-size: 12px; margin: 5px auto; display: inline-block; zoom: 1; text-align: left; font-weight: bold;\">奥雅萨巴尔远射被没收</span></div>\r\n<p style=\"margin: 0px 0px 30px; padding: 0px; text-size-adjust: 100%; color: rgb(77, 79, 83); font-family: &quot;Hiragino Sans GB&quot;, &quot;Microsoft Yahei&quot;, 微软雅黑, SimSun, 宋体, Arial; font-size: 18px; letter-spacing: 1px;\">\r\n	　　<strong>意大利第60分钟打破僵局，维拉蒂左路斜传因莫比莱被拉波尔特铲断拦截，跟进的基耶萨禁区左侧12码处射入远角。</strong></p>\r\n<div class=\"img_wrapper\" style=\"text-align: center; color: rgb(77, 79, 83); font-family: &quot;Hiragino Sans GB&quot;, &quot;Microsoft Yahei&quot;, 微软雅黑, SimSun, 宋体, Arial; font-size: 18px; letter-spacing: 1px;\">\r\n	<img alt=\"意大利1-0\" data-link=\"\" src=\"https://f.sinaimg.cn/sports/transform/669/w474h195/20210707/faee-2f8e1e9ab0f061f9416055c51584d9ef.gif\" style=\"border: 0px; vertical-align: top; width: auto; max-width: 640px; display: block; margin: 0px auto;\" /><span class=\"img_descr\" style=\"line-height: 20px; padding: 6px 0px; font-size: 12px; margin: 5px auto; display: inline-block; zoom: 1; text-align: left; font-weight: bold;\">意大利1-0</span></div>\r\n<div class=\"img_wrapper\" style=\"text-align: center; color: rgb(77, 79, 83); font-family: &quot;Hiragino Sans GB&quot;, &quot;Microsoft Yahei&quot;, 微软雅黑, SimSun, 宋体, Arial; font-size: 18px; letter-spacing: 1px;\">\r\n	<img alt=\"\" data-link=\"\" src=\"https://n.sinaimg.cn/sports/transform/283/w650h433/20210707/515e-ksmehzs8247713.jpg\" style=\"border: 0px; vertical-align: top; width: auto; max-width: 640px; display: block; margin: 0px auto;\" /></div>\r\n<div class=\"img_wrapper\" style=\"text-align: center; color: rgb(77, 79, 83); font-family: &quot;Hiragino Sans GB&quot;, &quot;Microsoft Yahei&quot;, 微软雅黑, SimSun, 宋体, Arial; font-size: 18px; letter-spacing: 1px;\">\r\n	<img alt=\"\" data-link=\"\" src=\"https://n.sinaimg.cn/sports/transform/254/w650h404/20210707/56d2-ksmehzs8247751.jpg\" style=\"border: 0px; vertical-align: top; width: auto; max-width: 640px; display: block; margin: 0px auto;\" /></div>\r\n<p style=\"margin: 0px 0px 30px; padding: 0px; text-size-adjust: 100%; color: rgb(77, 79, 83); font-family: &quot;Hiragino Sans GB&quot;, &quot;Microsoft Yahei&quot;, 微软雅黑, SimSun, 宋体, Arial; font-size: 18px; letter-spacing: 1px;\">\r\n	　　科凯挑传，奥雅萨巴尔小禁区前错过头球攻门机会。奥雅萨巴尔停球，奥尔默禁区弧内抽射擦右侧立柱偏出。基耶萨传球，贝拉尔迪禁区右侧小角度射门被西蒙挡出。</p>\r\n<div class=\"img_wrapper\" style=\"text-align: center; color: rgb(77, 79, 83); font-family: &quot;Hiragino Sans GB&quot;, &quot;Microsoft Yahei&quot;, 微软雅黑, SimSun, 宋体, Arial; font-size: 18px; letter-spacing: 1px;\">\r\n	<img alt=\"奥雅萨巴尔错过头球机会\" data-link=\"\" src=\"https://n.sinaimg.cn/sports/transform/669/w474h195/20210707/2726-9c083638fd526ef72ca3a72d5ec7e063.gif\" style=\"border: 0px; vertical-align: top; width: auto; max-width: 640px; display: block; margin: 0px auto;\" /><span class=\"img_descr\" style=\"line-height: 20px; padding: 6px 0px; font-size: 12px; margin: 5px auto; display: inline-block; zoom: 1; text-align: left; font-weight: bold;\">奥雅萨巴尔错过头球机会</span></div>\r\n<div class=\"img_wrapper\" style=\"text-align: center; color: rgb(77, 79, 83); font-family: &quot;Hiragino Sans GB&quot;, &quot;Microsoft Yahei&quot;, 微软雅黑, SimSun, 宋体, Arial; font-size: 18px; letter-spacing: 1px;\">\r\n	<img alt=\"\" data-link=\"\" src=\"https://n.sinaimg.cn/sports/transform/192/w620h372/20210707/6621-27a235fda40531a66f8c1c6cdd961de8.jpg\" style=\"border: 0px; vertical-align: top; width: auto; max-width: 640px; display: block; margin: 0px auto;\" /></div>\r\n<div class=\"img_wrapper\" style=\"text-align: center; color: rgb(77, 79, 83); font-family: &quot;Hiragino Sans GB&quot;, &quot;Microsoft Yahei&quot;, 微软雅黑, SimSun, 宋体, Arial; font-size: 18px; letter-spacing: 1px;\">\r\n	<img alt=\"奥尔默抽射擦柱偏出\" data-link=\"\" src=\"https://n.sinaimg.cn/sports/transform/669/w474h195/20210707/75a8-ksmehzs8252724.gif\" style=\"border: 0px; vertical-align: top; width: auto; max-width: 640px; display: block; margin: 0px auto;\" /><span class=\"img_descr\" style=\"line-height: 20px; padding: 6px 0px; font-size: 12px; margin: 5px auto; display: inline-block; zoom: 1; text-align: left; font-weight: bold;\">奥尔默抽射擦柱偏出</span></div>\r\n<div class=\"img_wrapper\" style=\"text-align: center; color: rgb(77, 79, 83); font-family: &quot;Hiragino Sans GB&quot;, &quot;Microsoft Yahei&quot;, 微软雅黑, SimSun, 宋体, Arial; font-size: 18px; letter-spacing: 1px;\">\r\n	<img alt=\"贝拉尔迪小角度射门被西蒙封堵\" data-link=\"\" src=\"https://n.sinaimg.cn/sports/transform/669/w474h195/20210707/8889-c941892462802aa387a4095aef27e818.gif\" style=\"border: 0px; vertical-align: top; width: auto; max-width: 640px; display: block; margin: 0px auto;\" /><span class=\"img_descr\" style=\"line-height: 20px; padding: 6px 0px; font-size: 12px; margin: 5px auto; display: inline-block; zoom: 1; text-align: left; font-weight: bold;\">贝拉尔迪小角度射门被西蒙封堵</span></div>\r\n<p style=\"margin: 0px 0px 30px; padding: 0px; text-size-adjust: 100%; color: rgb(77, 79, 83); font-family: &quot;Hiragino Sans GB&quot;, &quot;Microsoft Yahei&quot;, 微软雅黑, SimSun, 宋体, Arial; font-size: 18px; letter-spacing: 1px;\">\r\n	　　<strong>西班牙第80分钟扳平，莫拉塔同奥尔默踢墙配合后禁区左肋12码处射入近角，1-1。</strong></p>\r\n<div class=\"img_wrapper\" style=\"text-align: center; color: rgb(77, 79, 83); font-family: &quot;Hiragino Sans GB&quot;, &quot;Microsoft Yahei&quot;, 微软雅黑, SimSun, 宋体, Arial; font-size: 18px; letter-spacing: 1px;\">\r\n	<img alt=\"西班牙1-1\" data-link=\"\" src=\"https://n.sinaimg.cn/sports/transform/669/w474h195/20210707/2262-869a72b7d62f53ac28363f384e6e184c.gif\" style=\"border: 0px; vertical-align: top; width: auto; max-width: 640px; display: block; margin: 0px auto;\" /><span class=\"img_descr\" style=\"line-height: 20px; padding: 6px 0px; font-size: 12px; margin: 5px auto; display: inline-block; zoom: 1; text-align: left; font-weight: bold;\">西班牙1-1</span></div>\r\n<div class=\"img_wrapper\" style=\"text-align: center; color: rgb(77, 79, 83); font-family: &quot;Hiragino Sans GB&quot;, &quot;Microsoft Yahei&quot;, 微软雅黑, SimSun, 宋体, Arial; font-size: 18px; letter-spacing: 1px;\">\r\n	<img alt=\"\" data-link=\"\" src=\"https://n.sinaimg.cn/sports/transform/185/w650h335/20210707/7062-1800ab057b87372758dedd413a268356.jpg\" style=\"border: 0px; vertical-align: top; width: auto; max-width: 640px; display: block; margin: 0px auto;\" /></div>\r\n<div class=\"img_wrapper\" style=\"text-align: center; color: rgb(77, 79, 83); font-family: &quot;Hiragino Sans GB&quot;, &quot;Microsoft Yahei&quot;, 微软雅黑, SimSun, 宋体, Arial; font-size: 18px; letter-spacing: 1px;\">\r\n	<img alt=\"\" data-link=\"\" src=\"https://n.sinaimg.cn/sports/transform/256/w650h406/20210707/00c1-8008f5a79cb0b1a48e114fe53a8cfb04.jpg\" style=\"border: 0px; vertical-align: top; width: auto; max-width: 640px; display: block; margin: 0px auto;\" /></div>\r\n<div class=\"img_wrapper\" style=\"text-align: center; color: rgb(77, 79, 83); font-family: &quot;Hiragino Sans GB&quot;, &quot;Microsoft Yahei&quot;, 微软雅黑, SimSun, 宋体, Arial; font-size: 18px; letter-spacing: 1px;\">\r\n	<img alt=\"\" data-link=\"\" src=\"https://n.sinaimg.cn/sports/transform/192/w620h372/20210707/04fc-0af2f7b0f049066cac3f20d3644ce9d5.jpg\" style=\"border: 0px; vertical-align: top; width: auto; max-width: 640px; display: block; margin: 0px auto;\" /></div>\r\n<p style=\"margin: 0px 0px 30px; padding: 0px; text-size-adjust: 100%; color: rgb(77, 79, 83); font-family: &quot;Hiragino Sans GB&quot;, &quot;Microsoft Yahei&quot;, 微软雅黑, SimSun, 宋体, Arial; font-size: 18px; letter-spacing: 1px;\">\r\n	　　进入加时赛。第110分钟，基耶利尼直传，贝拉尔迪禁区左侧小角度破门因越位在先被判无效。</p>\r\n<div class=\"img_wrapper\" style=\"text-align: center; color: rgb(77, 79, 83); font-family: &quot;Hiragino Sans GB&quot;, &quot;Microsoft Yahei&quot;, 微软雅黑, SimSun, 宋体, Arial; font-size: 18px; letter-spacing: 1px;\">\r\n	<img alt=\"\" data-link=\"\" src=\"https://n.sinaimg.cn/sports/transform/192/w620h372/20210707/e145-ksmehzs8257600.jpg\" style=\"border: 0px; vertical-align: top; width: auto; max-width: 640px; display: block; margin: 0px auto;\" /></div>\r\n<div class=\"img_wrapper\" style=\"text-align: center; color: rgb(77, 79, 83); font-family: &quot;Hiragino Sans GB&quot;, &quot;Microsoft Yahei&quot;, 微软雅黑, SimSun, 宋体, Arial; font-size: 18px; letter-spacing: 1px;\">\r\n	<img alt=\"意大利进球无效\" data-link=\"\" src=\"https://n.sinaimg.cn/sports/transform/192/w620h372/20210707/968a-ksmehzs8257765.jpg\" style=\"border: 0px; vertical-align: top; width: auto; max-width: 640px; display: block; margin: 0px auto;\" /><span class=\"img_descr\" style=\"line-height: 20px; padding: 6px 0px; font-size: 12px; margin: 5px auto; display: inline-block; zoom: 1; text-align: left; font-weight: bold;\">意大利进球无效</span></div>\r\n<p style=\"margin: 0px 0px 30px; padding: 0px; text-size-adjust: 100%; color: rgb(77, 79, 83); font-family: &quot;Hiragino Sans GB&quot;, &quot;Microsoft Yahei&quot;, 微软雅黑, SimSun, 宋体, Arial; font-size: 18px; letter-spacing: 1px;\">\r\n	　　进入点球大战。首轮，洛卡特利主罚点球被西蒙扑出，奥尔默射高，0-0；次轮，贝洛蒂和莫雷诺双双射入，1-1；第3轮，博努奇和蒂亚戈也双双罚中，2-2；第4轮，贝尔纳代斯基主罚点球命中，莫拉塔射出的点球被唐纳鲁马救出，3-2；第5轮，若日尼奥一蹴而就，4-2。意大利跻身决赛。</p>\r\n<div class=\"img_wrapper\" style=\"text-align: center; color: rgb(77, 79, 83); font-family: &quot;Hiragino Sans GB&quot;, &quot;Microsoft Yahei&quot;, 微软雅黑, SimSun, 宋体, Arial; font-size: 18px; letter-spacing: 1px;\">\r\n	<img alt=\"\" data-link=\"\" src=\"https://n.sinaimg.cn/sports/transform/234/w650h384/20210707/287e-aee8cee12209666f26840371e2729c06.jpg\" style=\"border: 0px; vertical-align: top; width: auto; max-width: 640px; display: block; margin: 0px auto;\" /></div>\r\n<div class=\"img_wrapper\" style=\"text-align: center; color: rgb(77, 79, 83); font-family: &quot;Hiragino Sans GB&quot;, &quot;Microsoft Yahei&quot;, 微软雅黑, SimSun, 宋体, Arial; font-size: 18px; letter-spacing: 1px;\">\r\n	<img alt=\"首轮双双罚丢\" data-link=\"\" src=\"https://n.sinaimg.cn/sports/transform/669/w474h195/20210707/9ded-ksmehzs8258420.gif\" style=\"border: 0px; vertical-align: top; width: auto; max-width: 640px; display: block; margin: 0px auto;\" /><span class=\"img_descr\" style=\"line-height: 20px; padding: 6px 0px; font-size: 12px; margin: 5px auto; display: inline-block; zoom: 1; text-align: left; font-weight: bold;\">首轮双双罚丢</span></div>\r\n<div class=\"img_wrapper\" style=\"text-align: center; color: rgb(77, 79, 83); font-family: &quot;Hiragino Sans GB&quot;, &quot;Microsoft Yahei&quot;, 微软雅黑, SimSun, 宋体, Arial; font-size: 18px; letter-spacing: 1px;\">\r\n	<img alt=\"\" data-link=\"\" src=\"https://n.sinaimg.cn/sports/transform/192/w620h372/20210707/5983-ksmehzs8259087.jpg\" style=\"border: 0px; vertical-align: top; width: auto; max-width: 640px; display: block; margin: 0px auto;\" /></div>\r\n<div class=\"img_wrapper\" style=\"text-align: center; color: rgb(77, 79, 83); font-family: &quot;Hiragino Sans GB&quot;, &quot;Microsoft Yahei&quot;, 微软雅黑, SimSun, 宋体, Arial; font-size: 18px; letter-spacing: 1px;\">\r\n	<img alt=\"莫拉塔点球被扑出\" data-link=\"\" src=\"https://n.sinaimg.cn/sports/transform/669/w474h195/20210707/9310-ksmehzs8258707.gif\" style=\"border: 0px; vertical-align: top; width: auto; max-width: 640px; display: block; margin: 0px auto;\" /><span class=\"img_descr\" style=\"line-height: 20px; padding: 6px 0px; font-size: 12px; margin: 5px auto; display: inline-block; zoom: 1; text-align: left; font-weight: bold;\">莫拉塔点球被扑出</span></div>\r\n<div class=\"img_wrapper\" style=\"text-align: center; color: rgb(77, 79, 83); font-family: &quot;Hiragino Sans GB&quot;, &quot;Microsoft Yahei&quot;, 微软雅黑, SimSun, 宋体, Arial; font-size: 18px; letter-spacing: 1px;\">\r\n	<img alt=\"\" data-link=\"\" src=\"https://n.sinaimg.cn/sports/transform/192/w620h372/20210707/709f-ksmehzs8259182.jpg\" style=\"border: 0px; vertical-align: top; width: auto; max-width: 640px; display: block; margin: 0px auto;\" /></div>\r\n<div class=\"img_wrapper\" style=\"text-align: center; color: rgb(77, 79, 83); font-family: &quot;Hiragino Sans GB&quot;, &quot;Microsoft Yahei&quot;, 微软雅黑, SimSun, 宋体, Arial; font-size: 18px; letter-spacing: 1px;\">\r\n	<img alt=\"\" data-link=\"\" src=\"https://n.sinaimg.cn/sports/transform/249/w650h399/20210707/bd99-ksmehzs8259281.jpg\" style=\"border: 0px; vertical-align: top; width: auto; max-width: 640px; display: block; margin: 0px auto;\" /></div>\r\n<p style=\"margin: 0px 0px 30px; padding: 0px; text-size-adjust: 100%; color: rgb(77, 79, 83); font-family: &quot;Hiragino Sans GB&quot;, &quot;Microsoft Yahei&quot;, 微软雅黑, SimSun, 宋体, Arial; font-size: 18px; letter-spacing: 1px;\">\r\n	　　意大利(4-3-3)：21-唐纳鲁马；2-迪洛伦佐，19-博努奇，3-基耶利尼，13-埃莫森(74&#39;,25-托洛伊)；18-巴雷拉(85&#39;,5-洛卡特利)，8-若日尼奥，6-维拉蒂(74&#39;,12-佩西纳)；14-基耶萨(107&#39;,20-贝尔纳代斯基)，17-因莫比莱(62&#39;,11-贝拉尔迪)，10-因西涅(85&#39;,9-贝洛蒂)</p>\r\n<p style=\"margin: 0px 0px 30px; padding: 0px; text-size-adjust: 100%; color: rgb(77, 79, 83); font-family: &quot;Hiragino Sans GB&quot;, &quot;Microsoft Yahei&quot;, 微软雅黑, SimSun, 宋体, Arial; font-size: 18px; letter-spacing: 1px;\">\r\n	　　西班牙(4-3-3)：23-西蒙；2-阿斯皮利奎塔(85&#39;,6-略伦特)，12-加西亚(109&#39;,4-保-托雷斯)，24-拉波尔特，18-阿尔巴；8-科凯(70&#39;,16-罗德里)，5-布斯克茨(106&#39;,10-蒂亚戈)，26-佩德里；11-费兰-托雷斯(62&#39;,7-莫拉塔)，21-奥雅萨巴尔(70&#39;,9-莫雷诺)，19-奥尔默</p>\r\n<div class=\"img_wrapper\" style=\"text-align: center; color: rgb(77, 79, 83); font-family: &quot;Hiragino Sans GB&quot;, &quot;Microsoft Yahei&quot;, 微软雅黑, SimSun, 宋体, Arial; font-size: 18px; letter-spacing: 1px;\">\r\n	<img alt=\"技术统计\" data-link=\"\" src=\"https://n.sinaimg.cn/sports/transform/17/w407h410/20210707/00af-ksmehzs8253663.jpg\" style=\"border: 0px; vertical-align: top; width: auto; max-width: 640px; display: block; margin: 0px auto;\" /><span class=\"img_descr\" style=\"line-height: 20px; padding: 6px 0px; font-size: 12px; margin: 5px auto; display: inline-block; zoom: 1; text-align: left; font-weight: bold;\">技术统计</span></div>\r\n<div class=\"img_wrapper\" style=\"text-align: center; color: rgb(77, 79, 83); font-family: &quot;Hiragino Sans GB&quot;, &quot;Microsoft Yahei&quot;, 微软雅黑, SimSun, 宋体, Arial; font-size: 18px; letter-spacing: 1px;\">\r\n	<img alt=\"意大利球员评分\" data-link=\"\" src=\"https://n.sinaimg.cn/sports/transform/453/w615h638/20210707/80e1-ksmehzs8253672.jpg\" style=\"border: 0px; vertical-align: top; width: auto; max-width: 640px; display: block; margin: 0px auto;\" /><span class=\"img_descr\" style=\"line-height: 20px; padding: 6px 0px; font-size: 12px; margin: 5px auto; display: inline-block; zoom: 1; text-align: left; font-weight: bold;\">意大利球员评分</span></div>\r\n<div class=\"img_wrapper\" style=\"text-align: center; color: rgb(77, 79, 83); font-family: &quot;Hiragino Sans GB&quot;, &quot;Microsoft Yahei&quot;, 微软雅黑, SimSun, 宋体, Arial; font-size: 18px; letter-spacing: 1px;\">\r\n	<img alt=\"西班牙球员评分\" data-link=\"\" src=\"https://n.sinaimg.cn/sports/transform/447/w610h637/20210707/16c6-016eac1ac1c1957af1a76dcd617ce1bd.jpg\" style=\"border: 0px; vertical-align: top; width: auto; max-width: 640px; display: block; margin: 0px auto;\" /><span class=\"img_descr\" style=\"line-height: 20px; padding: 6px 0px; font-size: 12px; margin: 5px auto; display: inline-block; zoom: 1; text-align: left; font-weight: bold;\">西班牙球员评分</span></div>', NULL, 'furfur', '2021-07-07 10:40:30', NULL);

-- ----------------------------
-- Table structure for news_user
-- ----------------------------
DROP TABLE IF EXISTS `news_user`;
CREATE TABLE `news_user`  (
  `id` bigint(10) NOT NULL AUTO_INCREMENT COMMENT '用户ID',
  `userName` varchar(50) CHARACTER SET utf8 COLLATE utf8_unicode_ci NULL DEFAULT NULL COMMENT '用户名',
  `password` varchar(50) CHARACTER SET utf8 COLLATE utf8_unicode_ci NULL DEFAULT NULL COMMENT '密码',
  `email` varchar(50) CHARACTER SET utf8 COLLATE utf8_unicode_ci NULL DEFAULT NULL COMMENT 'email',
  `userType` int(5) NULL DEFAULT NULL COMMENT '用户类型  0：管理员 1：普通用户',
  PRIMARY KEY (`id`) USING BTREE
) ENGINE = MyISAM AUTO_INCREMENT = 14 CHARACTER SET = utf8 CHECKSUM = 1 COLLATE = utf8_unicode_ci COMMENT = '用户表' DELAY_KEY_WRITE = 1 ROW_FORMAT = DYNAMIC;

-- ----------------------------
-- Records of news_user
-- ----------------------------
INSERT INTO `news_user` VALUES (1, 'admin', '111', '3120@xhu.edu.cn', 0);
INSERT INTO `news_user` VALUES (2, 'staff', '222', '1132811420@qq.com', 1);
INSERT INTO `news_user` VALUES (3, 'furfur', '111', 'ytl@xhu.edu.cn', 0);
INSERT INTO `news_user` VALUES (11, 'xy', '111', 'xy@xhu.edu.cn', 0);
INSERT INTO `news_user` VALUES (9, 'admin1', '123', 'admin1@xhu.ehu.cn', 0);
INSERT INTO `news_user` VALUES (10, 'stuff2', '123', 'stuff1@xhu.edu.cn', 1);
INSERT INTO `news_user` VALUES (12, 'ytl', '111', 'ytl@xhu.cn', 0);
INSERT INTO `news_user` VALUES (13, 'xy2', '111', '26366@qq.com', 0);

SET FOREIGN_KEY_CHECKS = 1;
